--
-- PostgreSQL database dump
--

-- Dumped from database version 13.3
-- Dumped by pg_dump version 13.3

SET statement_timeout = 0;
SET lock_timeout = 0;
SET idle_in_transaction_session_timeout = 0;
SET client_encoding = 'UTF8';
SET standard_conforming_strings = on;
SELECT pg_catalog.set_config('search_path', '', false);
SET check_function_bodies = false;
SET xmloption = content;
SET client_min_messages = warning;
SET row_security = off;

--
-- Name: uuid-ossp; Type: EXTENSION; Schema: -; Owner: -
--

CREATE EXTENSION IF NOT EXISTS "uuid-ossp" WITH SCHEMA public;


--
-- Name: EXTENSION "uuid-ossp"; Type: COMMENT; Schema: -; Owner: -
--

COMMENT ON EXTENSION "uuid-ossp" IS 'generate universally unique identifiers (UUIDs)';


SET default_tablespace = '';

SET default_table_access_method = heap;

--
-- Name: product; Type: TABLE; Schema: public; Owner: -
--

CREATE TABLE public.product (
    id uuid DEFAULT public.uuid_generate_v4() NOT NULL,
    name character varying NOT NULL,
    "createdAt" timestamp without time zone DEFAULT now() NOT NULL
);


--
-- Name: product_tags_tag; Type: TABLE; Schema: public; Owner: -
--

CREATE TABLE public.product_tags_tag (
    "productId" uuid NOT NULL,
    "tagId" uuid NOT NULL
);


--
-- Name: tag; Type: TABLE; Schema: public; Owner: -
--

CREATE TABLE public.tag (
    id uuid DEFAULT public.uuid_generate_v4() NOT NULL,
    name character varying NOT NULL
);


--
-- Data for Name: product; Type: TABLE DATA; Schema: public; Owner: -
--

COPY public.product (id, name, "createdAt") FROM stdin;
633a77ef-fcc7-44a9-ba92-6a567af2d264	Georgy Girl	2021-08-11 17:05:10.232158
068aa5dc-b53a-4c8a-b7d8-8ed83c7932a5	Descent: Part 2, The	2021-08-11 17:05:11.432295
86983ae3-3fa2-4c26-a647-7286aceb3eb2	The Indifferent Beauty	2021-08-11 17:05:12.50204
6798846b-5574-47ef-868a-384a7b410a04	Last of the High Kings, The (a.k.a. Summer Fling)	2021-08-11 17:05:13.631138
63adba65-8be4-4c0f-9f84-4b83e4d8066f	Dog Year, A	2021-08-11 17:05:14.723666
7b1fcfc7-f791-46b9-a2e7-6f666062fb20	Shot in the Heart	2021-08-11 17:05:15.85568
ecdf29cd-cd24-4f4c-9d49-72441ab68d53	Jolly Boys' Last Stand, The	2021-08-11 17:05:16.95155
24601d72-90d1-49ca-9cde-197760c1aa2e	Addams Family Reunion	2021-08-11 17:05:18.082719
52f0555b-46c0-4feb-b145-7dbac64ba0ef	Anniversary Party, The	2021-08-11 17:05:19.183069
ee77cea1-616a-415a-908d-0bd86e7f8b34	Hate (Haine, La)	2021-08-11 17:05:20.417933
93da3332-8166-4de6-bc5e-afb897ce24cd	Places in the Heart	2021-08-11 17:05:21.54839
e2065450-3ab2-4e53-b053-4ce565bbc31e	Glass Menagerie, The	2021-08-11 17:05:22.689906
5800dc9b-059d-4c7b-86a3-83dc55818cc3	I Capture the Castle	2021-08-11 17:05:23.833653
1374c56f-ec68-474a-8775-09311d96e837	Forsaken, The	2021-08-11 17:05:24.946719
9827e130-a190-4a1f-8f8d-d7e428559f3f	Wayward Cloud, The (Tian bian yi duo yun)	2021-08-11 17:05:26.087298
baf7ac6d-2639-45c6-b414-4033d073be12	Loser	2021-08-11 17:05:27.189451
14082f48-188d-4a03-a867-2d399a9ed922	Chopper	2021-08-11 17:05:28.281202
0171c174-aaa9-40ce-82eb-e5beabdaf423	Backlight	2021-08-11 17:05:29.411625
b4ae81a8-7493-41f4-82fe-0cc5329849fa	No Nukes	2021-08-11 17:05:30.531846
953a22b3-b360-4ef2-ae8f-7b6c69e20304	Persona non grata	2021-08-11 17:05:31.613104
0d4e6c0c-3b2a-4e05-befd-0b492fd71ca1	Belles of St. Trinian's, The	2021-08-11 17:05:32.699097
a6c0fd5c-d108-4ec1-8c70-df458827222d	Rudderless	2021-08-11 17:05:33.778557
ef5947cf-bc99-45d0-a10f-3e68aa48647f	This Is Spinal Tap	2021-08-11 17:05:34.871807
2504fa8c-9c78-473b-a375-54a37f447144	Tale of Zatoichi Continues, The (Zoku Zatôichi monogatari) (Zatôichi 2)	2021-08-11 17:05:35.98048
fbdacc4a-cd0c-43e5-b6a8-6a73dc306c0a	Cashback	2021-08-11 17:05:37.086932
8d06caa8-a3a3-4d32-ba27-0e5aa7c5b225	18 Years Later (Diciotto anni dopo)	2021-08-11 17:05:38.168311
40d8ec98-78fc-4890-a36d-92e05789abe1	Troubled Water (DeUsynlige)	2021-08-11 17:05:39.273603
3a1e7a61-ceae-49ec-a25b-587dd38a2abd	Neverwhere	2021-08-11 17:05:40.374995
24b02155-5af0-4926-9afc-685b01d1c21c	Carefree	2021-08-11 17:05:41.471018
6b06f82b-cd56-4607-8b42-3430950c1b98	Closer to the Moon	2021-08-11 17:05:42.569388
bf964083-f612-4b66-b53b-3ed6b302e378	Observe and Report	2021-08-11 17:05:43.655933
d023a657-ed6a-4f35-9cd2-61ab0db29a55	Water-mirror of Granada	2021-08-11 17:05:44.737258
1ffbc0e4-a1e2-40fd-94c4-bbeb975b2abf	Apartment 1303	2021-08-11 17:05:45.820701
a2eed67b-483f-40a2-8bb8-f8b099a0de1b	Amour	2021-08-11 17:05:46.912551
4b36b075-4c90-4b73-b02d-b28cc2a24d33	Bill Bailey: Qualmpeddler	2021-08-11 17:05:47.991412
3c81fced-d5bc-44ac-a269-e61089583b31	Les modèles de 'Pickpocket'	2021-08-11 17:05:49.081361
503a662e-59aa-4f06-b0fd-8e943f4a1c7b	Manolito Four Eyes	2021-08-11 17:05:50.171026
2ce2d00d-223b-4fbb-b53f-0cfbb16dd8fd	Illtown	2021-08-11 17:05:51.281038
915995b7-1346-4b89-b4c9-b3ee891cbd42	Driller Killer, The	2021-08-11 17:05:52.367433
37f2f428-8421-41c3-b098-eba8c22a0f28	Tis kakomoiras	2021-08-11 17:05:53.454188
b65a6368-35dd-4594-b5bb-ee7ba7d82684	Marrying Man, The (Too Hot to Handle)	2021-08-11 17:05:54.534678
b757dbf9-6423-431f-abb6-a52340f9225f	Hell and High Water	2021-08-11 17:05:55.65142
8799941f-1363-4638-b644-7effec9a9ee8	Zindagi Na Milegi Dobara	2021-08-11 17:05:56.767795
95925b20-9040-457d-9477-b2a675b7d18b	Giorgino	2021-08-11 17:05:57.853224
1c73e302-d1f1-46f1-af74-58047d82bcc1	Hogfather (Terry Pratchett's Hogfather)	2021-08-11 17:05:58.967661
930d03c8-0e43-4ff7-b58f-5162c3690bbf	Major League: Back to the Minors	2021-08-11 17:06:00.069957
e09450e3-33d0-480c-989c-7db62447e905	I Drink Your Blood	2021-08-11 17:06:01.154021
aa77ae6c-7c2e-482e-883e-564e428a7dbc	Fun Size	2021-08-11 17:06:02.228361
66ef82fc-8993-4721-ae32-2a6510823abb	Daylight Robbery	2021-08-11 17:06:03.313949
874c1a52-2ca4-46fc-8469-27caf581214e	Edie & Pen	2021-08-11 17:06:04.409431
c47a58a3-88b6-49ba-ad54-93817ba2f205	Girl Walk: All Day	2021-08-11 17:06:05.486683
3e99267e-5579-41ec-97c4-ec36770259df	Way South, The (De weg naar het zuiden)	2021-08-11 17:06:06.571079
d9e9180a-cbdb-4066-bfc4-edb7a51e2209	Hamster Factor and Other Tales of Twelve Monkeys, The	2021-08-11 17:06:07.645045
86ef269d-b0e1-42a4-83fa-eb644283b619	Lady Oscar	2021-08-11 17:06:08.724263
dc2c1a2c-cc1d-4578-accc-486da2360eb7	Marshal of Finland, The (Suomen Marsalkka)	2021-08-11 17:06:09.813486
b3c34bff-9f24-4b0b-bfe9-c4767e015a5a	Tali-Ihantala 1944	2021-08-11 17:06:10.961247
e3e56586-570b-447e-a36c-df2713b4a5ae	A Gathering of Eagles	2021-08-11 17:06:12.049571
8aca1389-56b1-4a35-911b-f12e112b2cda	Ciel est à vous, Le (Woman Who Dared, The)	2021-08-11 17:06:13.143036
436b8943-925a-428b-a880-79a4edc142ec	Heartbeeps	2021-08-11 17:06:14.253269
ecf065a9-0999-404c-82b4-7904b6dd1c30	Love Forbidden (Défense d'aimer)	2021-08-11 17:06:15.345958
00676704-7f2e-4975-8889-4fdb1ed16411	Che: Part Two	2021-08-11 17:06:16.455514
bcf557fb-5080-46c7-8881-5b0cf21c968d	Dragon Ball Z: Wrath of the Dragon (Doragon bôru Z 13: Ryûken bakuhatsu!! Gokû ga yaraneba dare ga yaru)	2021-08-11 17:06:17.615786
0392f238-35f6-45c8-9119-cf05003aa4b3	Travels with My Aunt	2021-08-11 17:06:18.730734
4fcb49a1-bce5-4ae1-969d-4aa43db8c799	Waco: A New Revelation	2021-08-11 17:06:19.833168
e852627d-00b5-4986-bed7-b4b10fb3041f	Never Take Candy from a Stranger (Never Take Sweets from a Stranger)	2021-08-11 17:06:20.926576
549936c9-d53b-4049-a324-5c2c82db970a	Balls Out: Gary the Tennis Coach	2021-08-11 17:06:22.026288
3749bc83-37c9-4e47-957c-3bfe6abdec29	Rush Hour 2	2021-08-11 17:06:23.125015
8a899176-7705-4b7a-857c-6fdcab6c2e85	Time After Time	2021-08-11 17:06:24.24468
7de03a93-1f73-4e63-b22d-4c9a2283b38f	Eye for an Eye, An (Silmä silmästä)	2021-08-11 17:06:25.3424
09924548-6c75-4722-b62d-dd61e194d023	Girlhood	2021-08-11 17:06:26.465313
a4d41b2e-1a98-40cb-9d5b-a0815d4672cb	Zoom	2021-08-11 17:06:27.608142
d8584a76-8416-4a66-aac0-bfac20ea0088	Home Alone	2021-08-11 17:06:28.71247
1c340195-6d73-42ef-bfca-5d2c864c92b1	Norma Jean & Marilyn	2021-08-11 17:06:29.795381
1daeb2f4-2a2f-46aa-985b-dcdd15b19be9	Mr. Jones	2021-08-11 17:06:30.875614
e08bcbc6-1ab9-4604-8413-395e7e3a09d9	Maid, The (Nana, La)	2021-08-11 17:06:31.966803
c81fa745-5a01-4219-ba3d-c98f02ef4472	Reckoning, The	2021-08-11 17:06:33.086846
51ab8295-019b-49c9-b648-ce7aa4babf1b	Croods, The	2021-08-11 17:06:34.173065
3fa2f24f-7efb-4554-96c7-f3d8e0b597cb	Love Letter, The	2021-08-11 17:06:35.260065
83d28117-14c3-41d9-b163-7cd198b8c808	Nobody's Fool	2021-08-11 17:06:36.36234
20020b13-fdde-4a15-bb73-303b61e21de8	Drevo	2021-08-11 17:06:37.446859
3d404f11-7c39-41c8-bc86-c0020cc8722f	Flesh Merchant, The (Wild and Wicked, The)	2021-08-11 17:06:38.523919
ef15d941-ae48-4ff3-a967-eff981349d14	Journey for Margaret	2021-08-11 17:06:39.615316
844b1611-970f-45ed-b525-687bca590515	Other Son, The (Fils de l'autre, Le)	2021-08-11 17:06:40.722593
5bacb64d-7e5f-4aee-94a3-ec952ea16309	All the Pretty Horses	2021-08-11 17:06:41.847598
0bc7e5ee-cc40-45ad-b64c-6660b0c28e54	Phone Booth	2021-08-11 17:06:42.929994
013bfafe-d30e-42ab-a7db-9d9d88745696	Girl, The	2021-08-11 17:06:44.034395
48d1c858-9726-40eb-94b7-c4a7cc9cd466	Guide to Recognizing Your Saints, A	2021-08-11 17:06:45.137389
675607a7-e3de-452b-8358-89c9e9504884	Killjoy 3	2021-08-11 17:06:46.229565
293b8077-c2a6-4e1d-a30e-b3bec785eb77	Sound of the Mountain (Thunder of the Mountain, The) (Yama no oto)	2021-08-11 17:06:47.315833
03c775b4-2020-4707-927c-e6634d74eb55	Cat Ballou	2021-08-11 17:06:48.425674
61a586a5-bdc0-495e-9639-da631e0285b5	Machine, The	2021-08-11 17:06:49.504314
a8828497-83a1-4719-9671-3688ecd5661c	Young at Heart (a.k.a. Young@Heart)	2021-08-11 17:06:50.593704
729e89a8-9ffc-4765-891d-4ad25e5cd1bb	Shun Li and the Poet	2021-08-11 17:06:51.6892
d7a5283c-adfe-4a16-88fb-afb67b96a418	Where's Poppa	2021-08-11 17:06:52.753053
0ce0b48d-876f-4e88-ab0d-c2fa8bec525b	Three Kingdoms: Resurrection of the Dragon (Saam gwok dzi gin lung se gap)	2021-08-11 17:06:53.859863
30b9ca4e-fb02-4da2-9496-8e13dc4df75a	Asphyx, The	2021-08-11 17:06:54.939547
37f3b642-b656-438d-b482-dd928da464cf	Cry of the Banshee	2021-08-11 17:06:56.019097
8b4d74c6-417a-4a15-b9ea-011074ad56a2	Surf Ninjas	2021-08-11 17:06:57.099757
0ed43911-3173-4b40-8f66-90182098297e	Chinese Odyssey 2002 (Tian xia wu shuang)	2021-08-11 17:06:58.192403
69eee010-9b26-43be-97f3-31eb335a7bde	Paradise: Hope (Paradies: Hoffnung)	2021-08-11 17:06:59.305375
a3e0b033-6693-422e-9d77-7560e9767dd5	Blue Sky	2021-08-11 17:07:00.437487
39c11beb-4ba3-40ef-a9ba-0b744e43e24f	Friday the 13th Part 3: 3D	2021-08-11 17:07:01.542069
4ab4a56e-1859-4e81-bde3-de1ed8b55e53	This Time Around	2021-08-11 17:07:02.655386
a11edd7e-c90b-4817-b985-20760f2697a4	Uncounted: The New Math of American Elections	2021-08-11 17:07:03.778781
93b16083-8bd7-432b-8ef3-28408979832c	Jauja	2021-08-11 17:07:09.42039
981dbe9a-856c-40d0-827e-f715d6b6d8c0	Trial, The (Procès, Le)	2021-08-11 17:07:10.573965
06140507-7303-4fd8-a197-5be02a4d3e60	Jules and Jim (Jules et Jim)	2021-08-11 17:07:15.203136
f70a8ce0-3f54-4b3b-94ca-603b274839d5	Smash His Camera	2021-08-11 17:07:16.328522
3baa4894-122e-4f39-840d-edde441e5d0a	Pokémon the Movie: White - Victini and Zekrom	2021-08-11 17:07:17.4311
d8fd1261-12e9-4a50-a57c-bc1e8106e7a7	Georg	2021-08-11 17:07:23.209747
fc219aa5-a1f7-4b37-ad65-1e3635c89d7e	Hud	2021-08-11 17:07:25.479131
5ed5801e-2a95-4b18-8f34-a38941a13f2f	Seventh Brother, The (A hetedik testvér)	2021-08-11 17:07:04.906516
0ed9fd7e-c203-4964-8961-4a70c09a7ae1	Proud Valley, The	2021-08-11 17:07:06.04948
f6b167fb-0545-4425-bcfe-43a37a7affb3	Human Touch	2021-08-11 17:07:07.152174
ed3f930a-6a00-4ef7-8f20-9457dbd9ee42	Vanishing on 7th Street	2021-08-11 17:07:08.308236
1e0aa8c2-982f-409c-b3cc-7989c77fd76b	When Strangers Appear	2021-08-11 17:07:11.745476
41db91f2-310d-45a6-b6a8-91c78b615fa2	Toy Story That Time Forgot	2021-08-11 17:07:12.869547
3b86372d-cbb2-4cf4-9998-9d83b22f9890	Happily Ever After	2021-08-11 17:07:14.054256
25976a93-bb90-4ccc-8bdd-fd8fcad99521	Basket Case 2	2021-08-11 17:07:19.794178
fcae82df-a181-40d2-847f-4ce9efe0bdb0	Home of Dark Butterflies, The (Tummien perhosten koti)	2021-08-11 17:07:20.912066
3343dd62-421d-4932-90fe-b9fe27e6f0a4	Shanghai Noon	2021-08-11 17:07:22.060341
f5bcef4d-e0e8-4b39-9b8f-e77b1666fd09	Nekromantik	2021-08-11 17:07:24.34128
0229101a-5a05-4643-9146-a568dd8857b7	Avatar	2021-08-11 17:07:26.635128
7f0a3d93-6c50-4425-a03b-ba45ebab3809	Quest, The	2021-08-11 17:07:27.734165
78e3318d-b295-42d3-8aed-e3a4007f6ee6	House by the Cemetery, The (Quella villa accanto al cimitero)	2021-08-11 17:07:28.809963
08564075-c3e1-46a1-a84b-63f37f10c3c3	Angels Fall	2021-08-11 17:07:29.907037
66c57935-7358-4091-809b-a619c195ba6f	18 Fingers of Death!	2021-08-11 17:07:31.000454
e1f53b3f-b426-4d41-93a9-58254b161e91	He Who Dares	2021-08-11 17:07:32.076993
804b1c12-2a22-41dc-8222-5a3e13ce52ae	Moment by Moment	2021-08-11 17:07:33.177516
380e47ac-a69f-4bc5-a2a0-90b708568450	Twixt	2021-08-11 17:07:34.281919
9838be0c-4c77-47ac-876e-fd555f8c9393	Back to the Secret Garden	2021-08-11 17:07:35.389416
6210c210-e303-4869-8bb1-5b9450f33f06	All the Fine Young Cannibals	2021-08-11 17:07:36.4908
1d9ac82b-6bb4-415f-a3d7-0badb314086e	Things We Do For Love (Kaikella rakkaudella)	2021-08-11 17:07:37.574804
01d22ffd-96d7-41e6-8658-1e4b88895adc	Jekyll & Hyde	2021-08-11 17:07:38.670681
188cc4d9-4f0c-4d43-ab57-b479f2cf1010	Disorderlies	2021-08-11 17:07:39.755284
72b0006d-3d23-4614-b2a8-367f273d6386	Cairo Time	2021-08-11 17:07:40.873574
6e4fa819-3c02-4de3-9c40-48d1d3095424	Strange Case of Dr. Jekyll and Mr. Hyde, The	2021-08-11 17:07:42.035822
44a26087-81b1-45d2-b233-4fb5cd139ace	Cinderella	2021-08-11 17:07:43.189412
09213857-2268-47f7-9780-7a0b8de34de6	Jönssonligan - Den perfekta stöten	2021-08-11 17:07:44.3397
08e8edc6-09dd-4750-9f02-02c1b6dac292	Don Juan DeMarco	2021-08-11 17:07:45.492055
f9ca839f-c589-4340-8f4a-67a5afa5deb2	Logorama	2021-08-11 17:07:46.651942
28eb0d3a-79a4-4b19-86db-002f6e65f9b6	Without a Paddle	2021-08-11 17:07:47.795225
f55627eb-93da-475c-bf7f-399ea5c281d5	Son of Flubber	2021-08-11 17:07:48.916096
2bffe691-2b89-407a-96de-a5469b5d9cc0	Pavilion of Women	2021-08-11 17:07:50.032189
710d3770-77cb-46d2-868d-b805ab568670	Oliver Twist	2021-08-11 17:07:51.116156
1c525cbf-93c5-423a-8450-ecbafa1aa27d	Knuckle 	2021-08-11 17:07:52.208794
5385c539-2a2e-48f5-a7a9-93a920712b26	The Power and the Glory	2021-08-11 17:07:53.313523
10a8dde1-8110-4b6f-aa8b-3a25ea7a8a4d	Test Pilot	2021-08-11 17:07:54.461602
c2b23b6d-d835-4e2d-8b92-bd5909fbe46d	Harry and Tonto	2021-08-11 17:07:55.59453
3e8342ca-c7b7-42a2-92b3-2831f4719dfb	Class Action	2021-08-11 17:07:56.712599
c52055db-dcff-4422-a766-eb7254516e46	Severe Clear	2021-08-11 17:07:57.820497
a974fd42-d494-48c7-9465-c12b56f8ec80	Turn of the Screw, The	2021-08-11 17:07:58.928934
4f54c304-1e2e-4015-b3ad-873bb89c51fa	Repatriation	2021-08-11 17:08:00.031822
99645bad-3120-4c26-b3f8-f78d96e95bd9	Million Dollar Mystery	2021-08-11 17:08:01.110176
3d6c074d-466a-4c64-9318-a48ee7843106	Love at Large	2021-08-11 17:08:02.20925
bb53f372-9fcf-453d-a23f-d819eed9d658	Keeper, The	2021-08-11 17:08:03.323166
8b5d984a-754c-4281-9215-c702ec775fcd	Arnulf Rainer	2021-08-11 17:08:04.435745
781825de-aa77-4582-9cb3-05323a36f5a9	Zachariah	2021-08-11 17:08:05.554892
b0807f2d-052b-4348-97bc-29fad65846c9	In Secret	2021-08-11 17:08:06.701202
e59280de-8664-4f2f-b353-4aa25b849a68	Molly Maguires, The	2021-08-11 17:08:07.816759
d8273307-a25d-48e5-a01d-332152bd95f2	But Not for Me	2021-08-11 17:08:08.951704
c701dd7f-be4e-4f6d-b91e-5a24b8e97ae0	Cast Away	2021-08-11 17:08:10.080924
8810a4df-be61-4fc4-b19e-0af0ad645000	Tough and Deadly	2021-08-11 17:08:11.227265
b4edab93-9715-4c4f-93b9-0750ec533713	From Beijing with Love	2021-08-11 17:08:12.363025
78804954-6edd-42f1-a5cb-9c60b3c87339	Solitude of Prime Numbers, The	2021-08-11 17:08:13.479201
f763688a-6b57-4fdf-a4b2-e78072487c24	The Pokrovsky Gates	2021-08-11 17:08:14.614641
ff229ed5-43f8-495c-b20c-d29923180ad7	Woman Thou Art Loosed	2021-08-11 17:08:15.718792
db1a7bc2-3b24-4edb-a3c7-3ad5dd9c8d47	Blood on Satan's Claw (a.k.a. Satan's Skin)	2021-08-11 17:08:16.82361
d8468b95-3faf-428d-817a-9c02a1f4f4f9	Tony Manero	2021-08-11 17:08:17.940666
e58814c3-d8a9-4050-87c1-16aacd767bec	Sorority Babes in the Slimeball Bowl-O-Rama	2021-08-11 17:08:19.045529
10cab7ec-cb6e-4664-9943-d3f0373335e1	Shalako	2021-08-11 17:08:20.146774
87a65aa5-824c-43ab-b995-bb4438e15d12	Phase 7	2021-08-11 17:08:21.267407
669e082d-4938-400a-842b-a875f1feebbe	Juan of the Dead (Juan de los Muertos)	2021-08-11 17:08:22.385404
d19dddf0-fd22-419f-b1da-e851a85fc01c	Doppelgänger Paul	2021-08-11 17:08:23.471659
544197ef-3b29-437c-b0ae-9222e29535a3	Dillinger and Capone	2021-08-11 17:08:24.601001
c60d0ae2-884e-4387-aa2c-80cb2a6a4983	Goodfellas	2021-08-11 17:08:25.714248
1584dc2b-a14d-4a43-9a55-a75acc7a38ff	Sebastiane	2021-08-11 17:08:26.832074
7c8ea375-fb23-47b1-a9e2-6e462c13f3ab	Life Is All You Get (Das Leben ist eine Baustelle.)	2021-08-11 17:08:27.965583
ab044551-7a3b-4e4b-b515-d1e1fcf9d496	Creature with the Atom Brain	2021-08-11 17:08:29.154563
7b6dce8f-68a4-441a-b29e-ec081a96c7c4	Relative Fear	2021-08-11 17:08:30.313631
4b5a7472-b34b-469c-9108-5bdeceeb4cec	All Fall Down	2021-08-11 17:08:31.51672
8b2ee466-96b9-4411-92d0-2fdd35706bf6	Myra Breckinridge	2021-08-11 17:08:32.759328
3d83fcae-4f71-400a-9dfb-bb0eb1382ef6	Ronal the Barbarian	2021-08-11 17:08:33.94753
cd287421-cc8d-4497-a5b3-f3016a2a7789	First Men in the Moon	2021-08-11 17:08:35.142678
36fde1ea-2161-420b-8c5c-48284c08d875	Ski Patrol	2021-08-11 17:08:36.272421
247f0533-1a11-4065-bb1a-d2fa4590f909	Silent House, The (La casa muda)	2021-08-11 17:08:37.391843
d7163bc6-829e-4d4e-9b3c-6a575b73d1d7	City of Ghosts	2021-08-11 17:08:38.5447
4676fbd3-49ae-4132-b457-4c8633b6023f	Cake	2021-08-11 17:08:39.671327
fa2a56d2-7d0b-433f-88a6-5266a229636e	Shutter	2021-08-11 17:08:40.848909
a3fcee14-d5da-4c5b-8ec8-9ece4f78e32e	Silencers, The	2021-08-11 17:08:41.981264
d59ff729-40a2-425b-bee2-3c924b0f5a83	Girl Model	2021-08-11 17:08:43.100261
b1f395a4-782d-4ceb-ad21-eeeae22c0b6a	Little Rascals, The	2021-08-11 17:08:44.197454
0a080a99-905a-44cb-ae2d-81499871e1a6	Blood on the Moon	2021-08-11 17:08:45.323786
51d2c4de-9573-436d-84c6-fc7d2b24cff6	Pink Cadillac	2021-08-11 17:08:46.434332
93f0ab02-ec4e-4723-bb57-741e8658be4b	Truth or Die 	2021-08-11 17:08:47.543493
30aacd3e-9264-43be-a481-76daab3ae348	Interstella 5555: The 5tory of the 5ecret 5tar 5ystem	2021-08-11 17:08:48.675759
52394e85-e4fc-4eb5-9e37-9b950dcce027	Knight and Day	2021-08-11 17:08:49.785606
b7c05f2c-166e-4d02-86ad-0b93eced6c8b	Good Earth, The	2021-08-11 17:08:50.886086
7b574743-0d5d-4361-90e3-1431922c3eb7	The New Girlfriend	2021-08-11 17:08:51.966114
4265feed-a02d-45f1-995a-8d0c2c79e348	Full Moon in Blue Water	2021-08-11 17:08:53.06044
0aeb2289-449f-4f2d-80f9-2eb820110eeb	Sadness of Sex, The	2021-08-11 17:08:54.154167
ca0abe9e-cfe4-488c-9667-995e7eca5d03	Curse, The (a.k.a. The Farm)	2021-08-11 17:08:55.258201
958886d4-cb14-4782-a614-74b7ed4b004d	Three Worlds (Trois mondes)	2021-08-11 17:08:56.369659
4f656659-568a-4fc1-b42d-60d2d81b15de	James Dean	2021-08-11 17:08:57.467179
d54b7705-72f3-49f1-9987-4eacfe3312ab	Toy Story of Terror	2021-08-11 17:08:58.567038
51d54adb-a385-41a3-8a6d-656ad1398492	Breath (Soom)	2021-08-11 17:08:59.689781
c29023e3-b6e4-48f4-8246-2b6815383aa2	Sidewalks of New York	2021-08-11 17:09:00.779031
febe4e8a-69ee-46e5-b625-2014a56b1191	Big	2021-08-11 17:09:01.897242
a9e275ec-4da2-4e0d-8673-e7d770a482ee	Promised Land (Ziemia Obiecana)	2021-08-11 17:09:03.012407
06f0ba1e-4b22-48af-a040-07fc595d7045	Fire Down Below	2021-08-11 17:09:04.113677
117d53eb-4466-40f8-bfa5-e4cf0ccfb929	End of America, The	2021-08-11 17:09:05.221853
a80eb1a4-4bd7-403e-8675-5538e70f9676	California Dreamin' (Nesfarsit)	2021-08-11 17:09:06.327236
1651030f-2f61-4d8f-b729-78249bc1692d	American Adobo	2021-08-11 17:09:07.410098
c73b1e82-14a3-4d69-9606-b1b7f9d3c614	Mishen (Target)	2021-08-11 17:09:08.528724
659f2e20-835e-4151-983c-480d122a8bc4	Memory Keeper's Daughter, The	2021-08-11 17:09:09.694602
612c99b1-46a3-4335-b7ab-f4345eb0c478	Adventures of Zatoichi (Zatôichi sekisho yaburi) (Zatôichi 9)	2021-08-11 17:09:10.792514
9bad5783-01aa-4f4c-babb-2e3d9ccb5ce4	Dog Pound	2021-08-11 17:09:11.906416
92d3b89b-807d-45b4-9f57-c2be73bbd934	Fast and the Furious, The	2021-08-11 17:09:13.038672
87a967d5-387c-4646-889d-dfdbabfc47d9	Blackbeard, the Pirate	2021-08-11 17:09:14.138304
28aac6ca-30c0-4c83-9cf3-fc9fcae5ac54	Rogue Cop	2021-08-11 17:09:21.858784
c6c4e357-1b53-4340-90ea-4beae953026b	Defenders of Riga	2021-08-11 17:09:24.075204
b6307675-ce6c-4e5a-b2d7-9fb908d8de19	Theodore Rex	2021-08-11 17:09:25.175583
01654c9c-ba6c-4cc7-be64-6136c8adbd53	World Without Thieves, A (Tian xia wu zei)	2021-08-11 17:09:31.865422
f1f20ac0-1bed-490a-9af8-9708d7578651	Fifty Dead Men Walking	2021-08-11 17:09:15.238976
462fd490-62be-4116-ad5a-21c7cb169a11	Noise	2021-08-11 17:09:17.449642
2ea32217-5a02-4500-86e9-1099dadcbbf4	Tokyo Gore Police (Tôkyô zankoku keisatsu)	2021-08-11 17:09:26.306057
25ceb694-05fb-4e6a-9d96-8f6965c6462b	Act in Question, The (Acto en cuestión, El)	2021-08-11 17:09:27.410159
b6b568ee-c6f6-49d7-a4f9-ba357b943bdc	Black & White & Sex	2021-08-11 17:09:28.510639
32275cf5-b5d8-4dc4-98ad-dbc1f1c5a416	Bug's Life, A	2021-08-11 17:09:32.974318
668ae914-e472-4b42-a08f-7cbe5004dda0	Inside Job	2021-08-11 17:09:34.072134
83dfa7ce-1c11-4504-8daf-977755bec5a3	Magic Hunter (Büvös vadász)	2021-08-11 17:09:35.176829
30fee74c-bed4-47e9-b879-f478de0f2902	Courtship of Eddie's Father, The	2021-08-11 17:09:36.280341
f55ec7b7-46a2-4566-a671-8d834d436257	A Walk in the Old City of Warsaw	2021-08-11 17:09:37.402465
77c0eb68-c253-4276-9ec4-7fd125a364c5	Black Heaven (L'autre monde) (Other World, The)	2021-08-11 17:09:38.498901
d4cd8eca-b9c7-443d-8ce7-640bfdfb41ba	Hiroshima	2021-08-11 17:09:39.615163
fd5c16cf-6990-420f-8e13-ed2178cc3cd0	Something of Value	2021-08-11 17:09:40.748057
3ba5d6e1-e428-4c38-a793-22a892a96e2f	Tie Me Up! Tie Me Down! (¡Átame!)	2021-08-11 17:09:43.029129
7e8c5323-b710-4c04-8994-73ffa60c2407	Wanderers, The	2021-08-11 17:09:44.143984
4e117f57-b43f-41d0-8090-385549bf9673	Ay, Carmela! (¡Ay, Carmela!)	2021-08-11 17:09:48.665167
406355d7-3f39-46b0-a356-f23fc556ba4a	Privilege	2021-08-11 17:09:56.579291
21178e64-8ba2-480d-9cdf-701e53e23563	Living with Michael Jackson	2021-08-11 17:09:57.696475
31f6e6e5-bbc0-45e8-a263-04e003e3b13f	Nicht alle waren Mörder	2021-08-11 17:09:16.340028
ae660830-75e1-41ac-9617-9bb7c2e68f8f	Wanda Sykes: Sick and Tired	2021-08-11 17:09:18.548229
302b8981-26f4-4472-98a4-a10b65926041	Cops	2021-08-11 17:09:19.633545
95bf78a9-2f88-4c0d-8c1a-7cce0a023e67	Night Patrol	2021-08-11 17:09:20.716686
752e90ad-2020-4bbd-91fc-671916aa318f	That Hamilton Woman	2021-08-11 17:09:22.956627
275cac83-9833-43f1-8b40-c92f7558c76a	Fine Pair, A (Ruba al prossimo tuo)	2021-08-11 17:09:29.638837
fff818b0-d461-45ef-ad1b-4584eb48f55e	Eye for an Eye	2021-08-11 17:09:30.741709
4bf1c9e0-6da2-4e88-a02b-b6d68c34a9b0	Care Bears Movie, The	2021-08-11 17:09:41.88213
0b110412-2c39-45cc-b6b1-ab3a59740d71	Moscow on the Hudson	2021-08-11 17:09:45.261875
d2f1e60c-b756-458b-afa0-c4437475fe59	Rebel, The	2021-08-11 17:09:46.425485
db04d891-2fe5-4b7b-bca9-03dc8f4d1bd3	Good Morning (Ohayô)	2021-08-11 17:09:47.55593
a87b7798-e6dc-4783-9d60-e7c3607166e7	Art of War, The	2021-08-11 17:09:49.809889
90419915-d746-4d1d-a98e-0b8a28cb223e	Hannah Montana: The Movie	2021-08-11 17:09:50.988241
1ab7ea18-6d82-4b32-bb92-4f61d2e6217a	Adelheid	2021-08-11 17:09:52.101922
48cd7c20-77bc-4f7c-a1b4-130d49121d1d	Love and Other Disasters	2021-08-11 17:09:53.217132
07b7442b-da49-4613-811f-91e6f4ff4da1	Concert for George, The	2021-08-11 17:09:54.334564
e79d1d90-e1b0-4501-b154-f142c2da7f26	Vice	2021-08-11 17:09:55.466452
5771a9fc-89dd-4dd6-96d4-0cce83dca1ec	Santa Clause 2, The	2021-08-11 17:09:58.837392
7114d826-98fb-49f8-8c55-1b36b031583e	Happy Here and Now	2021-08-11 17:09:59.943111
559e3972-9d4e-41c3-9672-7aff6415bb27	Sweet Hereafter, The	2021-08-11 17:10:01.053908
3022445d-5ee6-4bfb-911b-3257bfd84d45	Dam Busters, The	2021-08-11 17:10:02.175531
a23de2d0-52e2-4317-9008-23addba0d8d0	Artemisia	2021-08-11 17:10:03.275108
dc895895-ae23-4cc3-bdc7-1bf0802393ed	Wuthering Heights	2021-08-11 17:10:04.395015
684c406e-106a-49e7-81c8-6bf6b6529d9c	Offspring 	2021-08-11 17:10:05.495919
8889d167-d79c-4a2f-81e1-3596ca6d0581	The Bride Wore Red	2021-08-11 17:10:06.607097
e025a6bc-2849-4d66-842e-9c4d4a17b307	Deck the Halls	2021-08-11 17:10:07.738892
a838f924-7110-4867-93c3-13f577288e56	Smokey and the Bandit II	2021-08-11 17:10:08.835811
658714de-9ae6-421d-b0a9-d6e29fa1a306	People, Places, Things	2021-08-11 17:10:11.068119
7e8dd1d9-9356-4a5c-b5a0-c3ea25649714	House Hunting	2021-08-11 17:10:12.202115
310d880c-a8e5-4422-b7ec-4f145e1cf470	Big Time Operators (Smallest Show on Earth, The)	2021-08-11 17:10:13.317262
9468adb2-91eb-46df-a5d7-4312b26ae77f	Saving General Yang	2021-08-11 17:10:14.410749
2b6b3e7f-5404-4dd2-a13a-a3a50f00601a	Fatal Hour, The	2021-08-11 17:10:15.512748
6a2be400-9f15-48b8-babb-dbb4cdbb6f77	Up	2021-08-11 17:10:16.681643
43cb3814-855e-4c45-b251-b5dc2dd49579	First Case, Second Case (Ghazieh-e Shekl-e Aval, Ghazieh-e Shekl-e Dou Wom)	2021-08-11 17:10:18.903601
0cc17365-588e-457b-849e-72a4eb2db586	Black Magic (Meeting at Midnight) (Charlie Chan in Meeting at Midnight) (Charlie Chan in Black Magic)	2021-08-11 17:10:20.013201
0fdab52b-82e9-46d3-803b-3c9772d1024f	Twin Peaks: Fire Walk with Me	2021-08-11 17:10:21.139539
06d93a0b-28ab-41af-a333-e1fd3314c4d3	Lawman	2021-08-11 17:10:22.242619
c230be01-b660-4244-8bab-106488dca246	Legion	2021-08-11 17:10:23.389804
93ff49a6-cfd1-43c6-930d-2b5681ec2d11	Exiles (Exils)	2021-08-11 17:10:24.49192
bf661a15-5c62-453a-8df1-a28e12062ff2	For the Bible Tells Me So	2021-08-11 17:10:25.601038
bb38688f-effb-437a-bae5-6e7199bb2d76	Château, The	2021-08-11 17:10:26.736829
7ea507b8-51b1-43ec-94e5-ee2f462d42cb	Towelhead (a.k.a. Nothing is Private)	2021-08-11 17:10:27.904257
24f75e21-f5cf-4dda-b45e-0110ba0d600b	[REC]	2021-08-11 17:10:29.052528
71c93d2c-8346-46ee-9e4b-e9d21c561506	Summer School	2021-08-11 17:10:30.202166
225250b8-f453-4587-9ea7-671b9cf72505	Police Academy 4: Citizens on Patrol	2021-08-11 17:10:31.351746
d8380f6d-20eb-4fb7-bc85-1c401f54f2be	Wonder Bar	2021-08-11 17:10:32.500271
2a22b7a2-d776-4cca-8071-e22c82f9aa6b	16 Acres	2021-08-11 17:10:33.600079
f0b721b8-66a5-46e2-9d0a-bfef2b3bd363	Betty Blue (37°2 le matin)	2021-08-11 17:10:34.698614
19a47ad7-9abf-4cd5-8eec-c08248357373	Newest Pledge, The	2021-08-11 17:10:35.815073
dea57ba7-f0e2-47da-8a89-e82773da9c3b	Kaksi kotia (Dagmamman)	2021-08-11 17:10:36.964653
2faf2649-5b41-47e6-b9e4-3246c6c949c6	The Mask You Live In	2021-08-11 17:10:38.105305
dd1cf87b-9061-423f-b450-bf6e46824968	From the East (D'Est)	2021-08-11 17:10:39.244399
6139a8c0-95fa-4179-a525-ec063b3fb5f4	Kevin Hart: I'm a Grown Little Man	2021-08-11 17:10:40.355857
d1d096dd-ee3f-4bb2-867b-1788eff033a4	Love Crazy	2021-08-11 17:10:41.461538
6b0963d2-3d28-4fa7-be40-f711c9ceeaa5	Halfmoon (Paul Bowles - Halbmond)	2021-08-11 17:10:42.589381
8ab83b0e-7638-4b4a-b686-a62e8a3945a6	Divine Horsemen: The Living Gods of Haiti	2021-08-11 17:10:43.721921
2a24f4a6-4dc4-456c-8e17-052c11994f88	Sombre	2021-08-11 17:10:44.889733
45aea14f-cf7d-4a10-bca7-aba476254f15	Holiday Affair	2021-08-11 17:10:46.057527
e9babaa3-7e53-4437-9993-aa2e3cefd6ad	Yes: 9012 Live	2021-08-11 17:10:47.177815
a457d8db-dd37-4a0f-80b6-0aab9c00f3d1	Very Natural Thing, A	2021-08-11 17:10:48.282075
83c78473-9cd2-457f-8e1b-22fc4c74f081	Pirates of the Great Salt Lake	2021-08-11 17:10:49.380003
c3cc89e5-b94d-4844-ab21-7df5077d3a51	Speed	2021-08-11 17:10:50.514876
5440fe7d-84d7-4e7a-a22b-6f42829675de	Barabbas	2021-08-11 17:10:51.613689
ba2f3ddb-607d-4942-a7f6-5da73246e76e	Roman Polanski: Wanted and Desired	2021-08-11 17:10:52.734073
15a3177d-30e4-44f9-b204-d0558e611e2c	Trials of Henry Kissinger, The	2021-08-11 17:10:53.858232
8d84905e-edc3-4b32-88ba-2ab3a876a268	Good Job:  Stories of the FDNY, A	2021-08-11 17:10:54.959265
cde059a3-7b01-4e59-a891-6f0d2745c1b9	Bart Got a Room	2021-08-11 17:10:56.073214
bc35be40-33e3-4cbd-8019-bbef3b5b73c9	Good Men, Good Women (Hao nan hao nu)	2021-08-11 17:10:57.191928
c053c97a-c997-4e51-95d1-fca46267e133	The Big Cube	2021-08-11 17:10:58.334218
e8da9761-00a2-4972-ae71-78a9b56d812b	Starving Games, The	2021-08-11 17:10:59.449634
31e251cb-771a-434c-bc3f-b30f6827886a	Blind Chance (Przypadek)	2021-08-11 17:11:00.561485
1e6a4359-07c0-4e62-9218-bc77e19289df	Wyvern	2021-08-11 17:11:01.713976
dba2448c-172b-4543-91d8-33a9bc1771dc	To the Devil a Daughter	2021-08-11 17:11:02.845406
1b5c41ee-7d39-4ece-83d6-e28a3b2cffa6	Power (Jew Süss)	2021-08-11 17:11:03.952627
92d24a68-dacf-45da-9eb0-4dcd57268195	Bloody Territories (Kôiki bôryoku: ryuuketsu no shima)	2021-08-11 17:11:05.063313
79f238a6-2a62-4b71-99ce-5d9a884f69aa	Everyone Else (Alle Anderen)	2021-08-11 17:11:06.166228
c879e1aa-58fb-481e-91b8-f03d561b3977	St. Ives	2021-08-11 17:11:07.285868
56c53982-b288-4308-8ece-1065fe369feb	Megiddo: The Omega Code 2	2021-08-11 17:11:08.450044
aaf99bc4-78fb-444b-ac3c-11d2badf2b32	Sherlock Jr.	2021-08-11 17:11:09.590609
b4f80deb-5054-4760-9cff-641e930f3340	Downeast	2021-08-11 17:11:10.694863
7bfc2dc2-523a-470c-adbf-81433e2a73c4	No Holds Barred	2021-08-11 17:11:11.799109
7461e136-4e4a-4261-9836-4f4a2d985f67	New Life, A (La vie nouvelle)	2021-08-11 17:11:12.911695
968f18fa-e600-4000-9cbf-e715b333f1e7	Dirty Bomb	2021-08-11 17:11:14.041082
8fb0e7c0-53eb-4341-9bc4-a65e3a9533dd	Sukiyaki Western Django	2021-08-11 17:11:15.14294
e7e17c11-59ee-4071-a8bc-648eaa95380b	Crocodile Dundee	2021-08-11 17:11:16.260225
178a6f5f-fb10-4a21-9a1f-f2ccb3bb7889	Incubus	2021-08-11 17:11:17.381142
6c811647-c22e-4176-b353-7b50ef34c920	4 Months, 3 Weeks and 2 Days (4 luni, 3 saptamâni si 2 zile)	2021-08-11 17:11:18.504523
50abe3f0-7b23-447a-bc98-815eda59cc62	Little Vampire, The	2021-08-11 17:11:20.86467
8ad9fa70-aba9-46f1-b64f-657f99e10c34	Bliss	2021-08-11 17:11:22.21175
fde018c4-33de-41e4-b4a0-ff277cd42654	Innocent Voices (Voces inocentes)	2021-08-11 17:11:23.350708
3123ea3c-a08c-4c6a-81f6-e9c6ff350910	Eat Drink Man Woman (Yin shi nan nu)	2021-08-11 17:11:24.492119
3a7c628f-af8b-440f-bec7-34c677b56ee0	Edge of the World, The	2021-08-11 17:11:25.594207
937eecb6-f63a-4c8d-aac9-4cad080ef24f	Happy People: A Year in the Taiga	2021-08-11 17:11:26.697977
535b66be-0ff8-4107-bba9-ce96d8335f27	Love & Human Remains	2021-08-11 17:11:27.823838
79b0577d-d7d2-4ef9-8ac7-f8a80e367e01	Con Air	2021-08-11 17:11:28.912307
8cf41a6a-3eec-426c-be1e-0a13c905e627	Carnosaur 3: Primal Species	2021-08-11 17:11:30.037338
546ce91d-ae80-4e02-81e6-db4927c2fcbf	Frank and Ollie	2021-08-11 17:11:31.29006
ed6acb46-d01f-4e0c-9865-6aeceaa0bf4a	Romasanta: The Werewolf Hunt	2021-08-11 17:11:32.518339
0c9701ec-5143-4bb2-9699-b41cfd86d843	Radio	2021-08-11 17:11:33.626264
35de2dbc-da8a-48bc-8b6e-bed6136bd755	Carrie	2021-08-11 17:11:34.975846
0af65d77-5528-48e3-9ba9-4f4500d8e7d3	Blow Dry (a.k.a. Never Better)	2021-08-11 17:11:36.065041
2d1097ef-5427-49fb-8d10-755c673e1325	Gypsy	2021-08-11 17:11:38.253423
cd04a805-7b4e-4e15-91f2-6d37cd97ad1f	Hippie Masala - Forever in India	2021-08-11 17:11:37.153035
54fa7fd0-ff91-4ac8-8a87-fd2b23035324	Charlie Chan in the Secret Service	2021-08-11 17:11:41.543297
15e0fb11-b5a5-43f4-aca9-4ce2c54385df	Slaves of New York	2021-08-11 17:11:42.641252
de3a7560-bbad-4b57-b07a-da5e3e52eeda	Lovely & Amazing	2021-08-11 17:11:45.924422
f5d54a1e-2dd0-451a-9fd2-e0230bf62ea0	Two Women (Ciociara, La)	2021-08-11 17:11:48.126081
6cba423d-11bd-4517-98bc-91be812da89c	Nordkraft	2021-08-11 17:11:51.409472
2ab65d75-23b6-49c1-ad16-3980731cb3d9	Konopielka	2021-08-11 17:11:52.525858
5a4e7f4e-80ce-4f5f-b4fa-6eb3fab500b1	Red Army	2021-08-11 17:11:53.622391
f102dbe8-a11c-4317-9296-0a59d11b3e21	Big Knife, The	2021-08-11 17:11:54.712485
3bb8d527-08e2-47f7-bac6-b335c1a92880	Street Fighter II: The Animated Movie (Sutorîto Faitâ II gekijô-ban)	2021-08-11 17:11:59.098068
452dd0b4-6914-441b-b7d8-c524064d8d70	Sitting Pretty	2021-08-11 17:12:00.208531
773a0a6b-d9b0-4439-8650-278a77bcfcc4	Outpost	2021-08-11 17:12:02.429571
14648523-021b-43a1-be66-4aa9b744698f	8th Wonderland	2021-08-11 17:12:05.739917
d1cd9e1e-75f4-4374-81ea-e66f51bcd3b9	Call Me Kuchu	2021-08-11 17:12:06.839807
95901db6-d542-4197-a2e6-dd9b87c34fb5	Snowriders	2021-08-11 17:11:39.345595
758a614c-43ce-419d-a982-5703176c5310	Dark Hours, The	2021-08-11 17:11:47.030519
1f4a7d57-2632-4965-9b65-eb0661c74f6e	G	2021-08-11 17:11:55.805509
de55ecd0-4086-4b42-a208-52e499c8bbbf	Prowler, The (a.k.a. Rosemary's Killer) (a.k.a. The Graduation)	2021-08-11 17:11:56.917953
d2eaf0b0-49ee-40ec-8a4c-21d739c5d2cf	General, The	2021-08-11 17:11:58.000128
91be85b9-6f82-484b-a309-251def2c059f	Dr. Goldfoot and the Girl Bombs (Le spie vengono dal semifreddo)	2021-08-11 17:12:03.545328
60f09cb4-7c04-428b-81a5-ffac52c1d43e	Prime Suspect: Inner Circles	2021-08-11 17:11:40.43352
4c7035c5-7bec-4c69-b3fa-9fb7507e7e53	Unsaid, The	2021-08-11 17:11:43.728501
80951174-98de-4cfc-b08d-051632bb24f1	Personals, The (Zheng hun qi shi)	2021-08-11 17:11:44.8145
a2fa60af-d72d-4eb2-a83b-db8cdec9b2a1	Executioner, The (Massacre Mafia Style)	2021-08-11 17:11:49.217547
3f236138-1c97-4bde-aa17-2a090cc7907e	Deep, The (Djúpið)	2021-08-11 17:11:50.308523
f7e98bdc-9e99-482c-a832-5892be2fa4f4	TMNT (Teenage Mutant Ninja Turtles)	2021-08-11 17:12:07.990859
3f59e9e5-c15a-49af-be40-641a5d4de7bd	In the Realm of the Senses (Ai no corrida)	2021-08-11 17:12:09.101613
0e859cef-62ea-4c84-8696-103f18b40acb	Guns, Girls and Gambling	2021-08-11 17:12:10.187829
3bac6f6f-2e4e-4e7b-895f-db1a755f5605	Terror, The	2021-08-11 17:12:11.272743
9f1eadc4-e357-4540-9219-dba65ea8a7b9	Buck and the Preacher	2021-08-11 17:12:12.366905
532c546e-faee-4f7d-b215-f1af40aa399c	Mikado, The	2021-08-11 17:12:13.466947
0482f5e4-c0bd-4e91-98d2-fe031ef3c03f	We All Loved Each Other So Much (C'eravamo tanto amati)	2021-08-11 17:12:14.578664
a735bc95-0864-44f4-8622-0cb505186157	Starship Troopers: Invasion	2021-08-11 17:12:15.680809
1a91bdc3-a663-4903-b111-9d25ac8640be	The Opposite Sex	2021-08-11 17:12:16.774881
843f6300-c08e-45cc-8073-b96d59a683c6	Grandma's Boy	2021-08-11 17:12:17.878818
3e5ecce1-d4f7-4f05-ae24-31caea7189ef	Christine Jorgensen Story, The	2021-08-11 17:12:18.975253
0caf1cce-5ce4-46d4-bce4-805e70810d06	Blank Generation, The	2021-08-11 17:12:20.059229
7baa7830-d38b-4de2-8b60-4f68475bbf47	Cabeza de Vaca	2021-08-11 17:12:21.156891
14f75d1d-8008-4993-8d77-93d6aa8cf712	Drive, He Said	2021-08-11 17:12:23.354111
7485d05d-706c-4e3d-8ab6-a48b3e60f09a	Children of the Century, The (Enfants du siècle, Les)	2021-08-11 17:12:24.459576
a5b312cf-4b59-424d-8a35-6b9b39a055c5	Net, The	2021-08-11 17:12:25.630257
9beac826-9c06-49b5-b0d9-f157d4799899	Airbag	2021-08-11 17:12:26.829574
9a9707ff-f0b1-4cc8-a33b-ac46592e99c7	Piranha 3DD (a.k.a. Piranha DD)	2021-08-11 17:12:27.975254
ba783e00-0ded-40c9-9119-b95ca63bda21	Corpo Celeste	2021-08-11 17:12:29.092542
839fdc9a-bed5-46ae-8be4-0fd9fc7ff4c6	Triple Cross	2021-08-11 17:12:30.274956
21419110-d186-482b-9df9-bb465b7c41d1	Nothing to Lose	2021-08-11 17:12:31.396386
10f8c645-ce96-4789-a4c7-ea1f5f136d75	L'antisémite	2021-08-11 17:12:32.501263
e5c8ec0c-70c3-4f62-92af-1fe19ba23aec	Angriest Man in Brooklyn, The	2021-08-11 17:12:33.618707
8c19faaf-8e58-43b3-be8d-6460d0709a3d	Man at Bath (Homme au bain)	2021-08-11 17:12:34.71844
18d44953-28a6-47b1-b221-2903b6e4c4b9	Legend of 1900, The (a.k.a. The Legend of the Pianist on the Ocean) (Leggenda del pianista sull'oceano)	2021-08-11 17:12:35.828802
76ce56ed-db95-413b-87cd-eb20cac61197	See Here, Private Hargrove	2021-08-11 17:12:36.948094
23ffaabe-0d75-4c38-a895-a3d021e3f70c	Age of Ice	2021-08-11 17:12:38.081634
0286959f-4e22-4c08-adee-d5ef031fcb5c	Boys Life 2	2021-08-11 17:12:39.197329
163dcaea-92c3-4d26-afff-d957f4578373	And God Created Woman	2021-08-11 17:12:40.330666
b3ac9049-cac9-4ddc-af04-78e6ff26868a	Wrong Rosary (Uzak ihtimal)	2021-08-11 17:12:41.444787
2f9bb9b7-0e23-4f38-ae41-1af2d87c8243	Ghost Breakers, The	2021-08-11 17:12:42.559722
16731fac-762c-4b15-9c68-77531b3a3d34	Fright Night	2021-08-11 17:12:43.701958
b33102ef-d37e-4c8b-a88d-2f5e8f4c4fa0	Surplus: Terrorized Into Being Consumers	2021-08-11 17:12:44.859563
9d7f7925-0cca-4dff-9776-f22625f8f01c	If I Had a Million	2021-08-11 17:12:45.984821
f1b4ee4b-a623-4c41-bfbe-7882d0de3918	Dragon Ball Z: Bio-Broly (Doragon bôru Z 11: Sûpâ senshi gekiha! Katsu no wa ore da)	2021-08-11 17:12:47.126265
e2514bba-2268-4f16-9281-66ce6cce9367	Hide Your Smiling Faces	2021-08-11 17:12:48.257518
72797a2c-fdf5-4724-a9e6-9e2f58bcb513	Torments (El) (This Strange Passion)	2021-08-11 17:12:49.373247
1ad954bf-87f1-4304-9fc3-4da7d086e769	Temple Grandin	2021-08-11 17:12:50.462182
058b5f87-3444-4c5f-83a6-695880affbf9	Accused, The	2021-08-11 17:12:51.587133
4fc4eb9f-8667-4758-b9fb-972f40f0672e	Don't Deliver Us from Evil (Mais ne nous délivrez pas du mal)	2021-08-11 17:12:52.717543
10f22c52-1819-44f6-bcb1-493e139c1884	Cruel Story of Youth (Seishun zankoku monogatari)	2021-08-11 17:12:53.834518
aa2c663d-7b58-456a-9713-56bb7ca00590	Baby of Mâcon, The (a.k.a. The Baby of Macon)	2021-08-11 17:12:54.968211
ada44f40-e271-4143-b2f6-5027e9719ecd	Judex	2021-08-11 17:12:56.080652
f7816bca-322c-4666-9c3c-4e7fa814d3d9	My Childhood	2021-08-11 17:12:57.185163
d569d6d8-f305-469f-b239-d397b6f68f87	End of the Affair, The	2021-08-11 17:12:58.295647
d454ab65-20c4-46d6-9dc2-89582bfa358a	Lisa	2021-08-11 17:12:59.409423
91a7e6ab-a83c-4454-b10e-72ca0d91704d	Strait-Jacket	2021-08-11 17:13:00.528497
03f5cf58-9ef1-414d-a5f7-ba2407b92d9e	Deadly Blessing	2021-08-11 17:13:01.653087
5463c084-c5a6-46ae-9bc9-48f345551184	Temp, The	2021-08-11 17:13:02.800034
9e005b6a-72da-426e-9136-cffc460a5af3	Winning Season, The	2021-08-11 17:13:03.895531
f5b25132-fab7-4738-ab45-c6fab41ca2d0	Gauntlet, The	2021-08-11 17:13:04.988702
bd4cd6a9-09ad-4b67-8021-8edcd6613052	Damsel in Distress, A	2021-08-11 17:13:06.103856
02e3ffd8-9411-4291-845c-2b474e2c2b10	Unfaithful Wife, The (Femme infidèle, La)	2021-08-11 17:13:07.197511
2ed6a215-dd36-4484-bba5-a32f2236a080	Lord of Illusions	2021-08-11 17:13:08.300154
87d387cc-6935-4c3d-8f18-1a076f04826a	Robin Williams: Weapons of Self Destruction	2021-08-11 17:13:09.397094
4246ffd7-a84e-49d4-9979-451ed969571f	Roberto Succo	2021-08-11 17:13:10.4988
61499438-79cc-4196-b9ab-1d9cf763d89c	New Kids Turbo	2021-08-11 17:13:11.595049
18ba0aaf-b7d5-489c-aab9-bc59f522be1f	Golden Child, The	2021-08-11 17:13:12.728287
89e567c4-5bca-4811-a69a-2b91ff1f61c4	They Call Me Trinity	2021-08-11 17:13:13.830061
35c4e538-240e-49ea-b56b-3da990cd35f0	Dark Woods (Villmark)	2021-08-11 17:13:14.926893
9bce8771-bd81-4526-aa1b-ac34d5310fe2	Darkman II: Return of Durant, The	2021-08-11 17:13:16.025297
771d0f6b-6f7f-4331-8b7d-5901b5faa5ae	Backbeat	2021-08-11 17:13:17.12709
c51c4806-b0c4-444d-8b11-212e1de624ad	Lonely Place to Die, A	2021-08-11 17:13:18.236969
7e272a8a-ec64-4e1c-9c33-d872b431a77d	National Theatre Live: Frankenstein	2021-08-11 17:13:19.332832
5ba3627b-6925-47ce-85b5-0d6cdf58035f	Momo	2021-08-11 17:13:20.43958
11967160-80ed-4579-8ae8-9bfba9ed0835	Dumb and Dumber To	2021-08-11 17:13:21.539241
e59a2360-2e5e-4418-a0c4-e64c87044bc6	Black Sheep	2021-08-11 17:13:22.635839
23646c69-b32e-48ca-8ecb-365fa4692b96	Carry On... Up the Khyber	2021-08-11 17:13:23.735338
d00cbcc1-ac68-4b2a-802f-585cd79323ab	Takers	2021-08-11 17:13:24.849998
54a6cc3a-eef7-4301-bf51-9405e6e5f8da	Punishment Park	2021-08-11 17:13:25.962392
cbc8e407-80a9-4473-bf34-2be13678df28	Super Hero Party Clown	2021-08-11 17:13:27.083973
f5539255-c0a3-4dd3-afe4-3955fc6f47a4	Invisible Man, The	2021-08-11 17:13:28.185181
0d2193e8-c6a1-4dfc-8245-aa447a36e3d6	Demons (Dèmoni)	2021-08-11 17:13:29.282525
66bd05c9-a5bb-407f-8e8e-4b209c277c02	Knights	2021-08-11 17:13:30.3981
4d4b6381-6542-4d43-b260-5f2a895e2f00	Sailor of the King	2021-08-11 17:13:31.496441
6e5d629b-2158-4100-b115-b8f5e4ed64f5	Albuquerque	2021-08-11 17:13:32.61115
3e5d7f01-fda7-4885-8a7b-9755dbfa03fd	Mass Appeal	2021-08-11 17:13:33.731714
a9c2f4b2-e23b-4abf-9e02-5eeb3d203372	Kicked in the Head	2021-08-11 17:13:34.888772
620343bb-aa73-4242-9f7c-74a40ecdc155	Safety of Objects, The	2021-08-11 17:13:36.246114
0acc9934-1e52-4d13-a198-bff35c9eff44	The Inhabited Island 2: Rebellion	2021-08-11 17:13:37.408477
61212db9-7d4f-4a94-95aa-91ecf700216b	Poison Ivy II	2021-08-11 17:13:38.500523
19a6e4d3-5fbf-4414-8ef2-e91c6b688572	7th Floor	2021-08-11 17:13:39.626932
0b90efd2-fe40-47d3-835b-06dae8dfe123	And the Band Played On	2021-08-11 17:13:40.75701
5aaca9f1-e742-4553-9f5e-f55607a7e68e	Strange Case of Dr. Jekyll and Miss Osbourne, The (Dr. Jekyll and His Women) (Docteur Jekyll et les femmes)	2021-08-11 17:13:41.891013
f2216108-d27a-40fb-a9fc-bce900ecbd0c	Dream Boy	2021-08-11 17:13:43.03582
d82e498f-760e-4849-8193-01479ef4da05	For a Lost Soldier (Voor een Verloren Soldaat)	2021-08-11 17:13:44.170717
266e4f4a-c1c0-48b0-8586-079bb7b802a4	Christmas in Conway	2021-08-11 17:13:45.378463
2ee679b8-afb9-4873-b57b-46ade55d4441	Kenny	2021-08-11 17:13:46.481463
e6bc4799-d70f-49f7-852c-6aeabd779ec4	Star Trek V: The Final Frontier	2021-08-11 17:13:47.617506
695fa277-6976-4a97-ad6b-7f4f3b9d5d72	Inbetween Worlds	2021-08-11 17:13:48.732423
367e10e4-5bd0-4945-890a-21172a2bd6eb	Bed & Breakfast: Love is a Happy Accident (Bed & Breakfast)	2021-08-11 17:13:49.826386
7005af71-4653-40f0-8d90-1c630100b367	Alvin and the Chipmunks	2021-08-11 17:13:50.913976
666340b4-11a8-4d3a-a454-bc4e559361f1	Sweet Movie	2021-08-11 17:13:52.013174
09c00376-5e66-467e-89d6-91872180c348	Mugger, The (El asaltante)	2021-08-11 17:13:53.108857
1bb3801d-b2ff-4675-91e2-58ef1d6142c6	Pigsty (Porcile)	2021-08-11 17:13:54.186562
3e4341a8-aba2-4a1c-aa0f-d49514dda666	Road, Movie	2021-08-11 17:13:55.320405
c33b4a76-8d48-47b0-9265-c0b5f33a1730	Sisterhood of the Traveling Pants 2, The	2021-08-11 17:13:56.443828
6baecc88-0382-4fd6-94c8-b79fb78f465a	Takedown: The DNA of GSP	2021-08-11 17:13:57.537102
ee81b629-da5e-412a-89b6-b8bdf33a5886	Atrocious	2021-08-11 17:13:59.744345
3ae705f2-4f99-485a-80b9-575f961d496c	In the Electric Mist	2021-08-11 17:14:01.9705
ba06f49c-bc30-401c-b6f6-f924d20cd24c	House of Strangers	2021-08-11 17:14:14.068281
18450575-5f88-42f7-af7f-1f33ca88b491	That's Entertainment	2021-08-11 17:14:15.167309
d469a8fa-c409-4359-ac44-5437a6cdd7f8	Blank Check	2021-08-11 17:14:19.569086
b79ba5a0-cae2-42eb-a8ca-e00aa67a3fa0	Thirty Day Princess	2021-08-11 17:14:22.859861
2039094d-4edf-466d-b814-b0e9e40202f9	Frantic	2021-08-11 17:14:26.173304
b474eb1c-06a1-4e01-8f35-ef3cd7ccfcfc	Darling Companion	2021-08-11 17:14:28.360669
b5c9cf97-0be2-4e5d-8978-f4c2dc78124a	Trick	2021-08-11 17:13:58.634459
ebceb7c3-8f79-4b1f-abae-1a8d8244c08d	Niagara	2021-08-11 17:14:00.858653
4d257101-0f9e-4118-80c4-14b1a7ff4e20	Asylum	2021-08-11 17:14:03.08599
2bf36ba4-1260-4639-b117-4adb58945e52	Silent Night, Bloody Night	2021-08-11 17:14:04.195047
cf4d89f8-60c1-480b-9c28-0c73834022be	Leatherface: Texas Chainsaw Massacre III	2021-08-11 17:14:11.855546
3b736968-213f-4dbe-b9ef-4a5e4ab79ecb	Escape Artist, The	2021-08-11 17:14:12.943425
d79ece89-0bd8-42d0-aad0-b48860b55cd2	Go	2021-08-11 17:14:16.255613
baa8116d-b6bd-4e92-9fef-cb0f0477cb7b	She	2021-08-11 17:14:23.96148
eac64d36-18d7-4ff7-8113-36acc185f503	Hungry for Change	2021-08-11 17:14:25.04088
c65f6807-7c08-451d-90d7-a5a1f94de89a	Bloodsuckers	2021-08-11 17:14:05.289804
bbbe7ace-d29c-4c04-83a5-adf2e73a646c	Apollo Zero	2021-08-11 17:14:06.388132
b86cf33c-f8eb-4171-b78d-cdeed1367bbd	It's a Gift	2021-08-11 17:14:07.476648
a00f36a6-7869-4bc6-9900-eddfef542bda	Gimme the Loot	2021-08-11 17:14:08.581238
7753e1fc-8c7c-4ff6-b43c-391885f9b986	Damned the Day I Met You	2021-08-11 17:14:09.666286
996e8db2-2d63-4de5-96fb-eb2df828b31e	Peep World	2021-08-11 17:14:10.758669
6a9d0d3b-d459-4e3f-ba76-bfc45cf4ff8d	Funny Games	2021-08-11 17:14:17.376267
851616c8-60d8-4516-acb4-3534e1b39f05	Silence, The (Tystnaden)	2021-08-11 17:14:18.474123
5378b786-e342-4fa7-b45f-59310075ec01	All About Actresses (Le bal des actrices)	2021-08-11 17:14:20.671132
6cac24db-db9e-49e9-a366-be1ef284de62	Love unto Death (L'amour a mort)	2021-08-11 17:14:21.765949
de15c6f1-b465-45b7-bdf0-c0e5ed5aece8	Desi Boyz	2021-08-11 17:14:29.462746
b92db8fb-b2a7-48e1-8b17-3f8b4571623f	Kid & I, The	2021-08-11 17:14:30.554329
1e1a4fb5-59db-4edf-a340-e48cb5d545d2	Heat's On, The	2021-08-11 17:14:31.666262
320226c4-2784-41aa-ade4-1e361191ce95	Risky Business	2021-08-11 17:14:32.764988
8ad91497-1d9e-4dbe-9116-5d3244b140e1	Thurgood	2021-08-11 17:14:33.937996
a997012e-b92f-4966-8d5d-58b3c85cbbf2	14 Hours (Fourteen Hours)	2021-08-11 17:14:35.097229
407849a7-dc54-44c4-811c-b875847991cd	Freaked	2021-08-11 17:14:36.181495
f7c37d0e-e718-49fb-8181-4f8fdafbf03f	Tension at Table Rock	2021-08-11 17:14:37.275718
dd14b25a-44c4-4c1b-a248-05743f2d6838	Revenge of the Nerds II: Nerds in Paradise	2021-08-11 17:14:38.377222
62e95903-477e-4072-b1c3-bca382c2390c	Stockholm Stories	2021-08-11 17:14:39.500479
3e1c1526-c43f-4ca2-ae16-98abad5a0df7	Chu Chin Chow	2021-08-11 17:14:40.617923
e0e0547d-bdd1-4e08-abe5-f652c16d205e	Simple Life, A (Tao jie)	2021-08-11 17:14:41.770039
786a1c04-9875-4dbc-9c86-360fbd4f36b0	The Beast of the City	2021-08-11 17:14:42.925799
61c5070e-3321-4b67-99d5-769ad4cb5699	Samson and Delilah	2021-08-11 17:14:44.090937
95f003cb-96be-411e-a63b-2ca8a9f0fca6	How to Rob a Bank	2021-08-11 17:14:45.225505
6ccf8785-5f99-45d5-bc88-ec0370da3c1a	Living in Emergency: Stories of Doctors Without Borders	2021-08-11 17:14:46.322304
48c02a7b-9fa2-40cf-9a67-433a39a6a69a	Playing from the Plate (Grajacy z talerza)	2021-08-11 17:14:47.414376
c5bf609e-4506-4397-9088-31894919d62e	Boogie Woogie	2021-08-11 17:14:48.508716
15688538-3c90-4ab4-bff0-1ef6e545c086	Sink or Swim	2021-08-11 17:14:49.618177
d479e753-45f4-406d-868b-e53c9f07077d	Shinobi No Mono 3: Resurrection (Shin shinobi no mono)	2021-08-11 17:14:50.725248
b755c982-2c6f-4a67-97cc-9060c58b8b6f	Sea Fog	2021-08-11 17:14:51.819827
2afc1c91-2402-4e34-b372-e81ee6eaf815	Frailty	2021-08-11 17:14:52.915143
a868b9fa-bc77-4133-a272-c5965e215024	WNUF Halloween Special	2021-08-11 17:14:54.025334
64534eca-319f-496f-a496-cd94907469e7	Herbie Rides Again	2021-08-11 17:14:55.171458
fa5486db-1020-4f75-aa5d-19be877c11bb	Black Pirate, The	2021-08-11 17:14:56.305272
c80c73e5-24da-4ca9-8a7a-67ad856b676d	Cabin Fever	2021-08-11 17:14:57.421052
da52e03f-d344-498f-a92d-1f3c2e252c2a	Interrogation, The (Kuulustelu)	2021-08-11 17:14:58.576219
8b8141df-5548-402e-b6ee-e24be0001ed9	Hustle & Flow	2021-08-11 17:14:59.73422
5bc88c0b-c389-4a5a-85bf-ea7d50d3f86c	Anna: 6-18 (Anna: Ot shesti do vosemnadtsati)	2021-08-11 17:15:00.882141
8826c5f0-ca4e-4161-b04b-4e3515638aec	Nicholas and Alexandra	2021-08-11 17:15:02.049062
e8645a56-57b4-483b-968b-19cbf587e602	Xiu Xiu: The Sent-Down Girl (Tian yu)	2021-08-11 17:15:03.278945
bb897dee-a43c-4b59-b01c-83cf75568fa3	Outside Ozona	2021-08-11 17:15:04.448104
e6fa51d7-9026-43b1-aa9c-58fc800250d5	Den enskilde medborgaren	2021-08-11 17:15:05.714881
5075e87b-e194-4268-8d96-ba1f68d1404e	Of Freaks and Men (Pro urodov i lyudey)	2021-08-11 17:15:06.85625
8ef5f2d3-dbd4-45e1-98ed-f31ae6d051c2	The Monastery of Sendomir	2021-08-11 17:15:08.027163
67028502-6a03-4dd5-8a9c-e3d1cbb6d675	Half Moon Street	2021-08-11 17:15:09.217443
4aceceb6-0a31-42de-a857-09908fbe5a02	Sound of My Voice	2021-08-11 17:15:10.389237
f5295513-5a96-4be2-a07d-15694cc848b7	Most Beautiful, The (Ichiban utsukushiku)	2021-08-11 17:15:11.558736
cfe5e44e-807f-4b26-bc51-8051d6e1db2f	Casting Couch	2021-08-11 17:15:12.66802
75697a5e-95fc-4cbb-a08c-628e6c9bae93	Waterboys	2021-08-11 17:15:13.773251
cb02e0ce-6c04-41ea-92db-883b29900bb0	Tim and Eric's Billion Dollar Movie	2021-08-11 17:15:14.9007
5be211d0-985c-4b4d-93f0-0a482375d2ce	Breaking the Girls 	2021-08-11 17:15:16.04671
86c5a3e0-8d0a-4fbb-8644-11259177fa63	Wake of Death	2021-08-11 17:15:17.437616
83553494-c144-4b02-8f70-65d1e9306b68	Crippled Masters (Tian can di que)	2021-08-11 17:15:18.86833
1e45873a-5ba7-40bd-903b-d084dac3b054	For Your Eyes Only	2021-08-11 17:15:20.108752
1fb28cbe-3d53-4df4-b9e8-181d5117f7b4	Cat's Eye	2021-08-11 17:15:21.318333
0ea607cf-2b25-4483-8fd5-d1e76f1d21e1	Brothers Rico, The	2021-08-11 17:15:22.529485
99122244-cb77-45e2-8606-f1b27748f317	Just Wright	2021-08-11 17:15:23.635823
9e99ae53-fac6-4cdb-bdc5-fc79a38f2f85	Rocky	2021-08-11 17:15:24.730031
50612ae7-301c-4e38-9c36-dc28cb34afb3	Spaced Invaders	2021-08-11 17:15:25.82275
01057b97-6199-4fcb-a76f-4e1f5f628aaa	Watermelon Man	2021-08-11 17:15:26.899832
3b119f70-150b-40ef-b9bd-f183a076a1f0	Dog Problem, The	2021-08-11 17:15:28.129154
37e26b0c-3811-42ae-8c9b-17fa12e1018b	Prime Suspect 7: The Final Act	2021-08-11 17:15:29.281268
c53938bf-fb65-4b46-93a5-19f355250b7f	Whoregasm	2021-08-11 17:15:30.342652
a7541473-dc77-4dd9-8cd2-5eca852999e5	Titicut Follies	2021-08-11 17:15:31.433469
4fa09bdc-5f32-4587-9cd2-fff1a3336cde	Into Great Silence (Die große Stille)	2021-08-11 17:15:32.527761
41b0f5da-7691-4421-a484-90427967819c	Body Fat Index of Love	2021-08-11 17:15:33.686451
b3e3b6ba-d801-4714-9ba2-d2599a39f70a	Cheech & Chong's The Corsican Brothers	2021-08-11 17:15:34.839029
cc1b8bdf-fbc8-44e4-a4fb-52409c499316	Deadly Voyage	2021-08-11 17:15:35.937169
fcfc6ad1-ee29-43fe-8564-9528d8f38948	Let's Be Cops	2021-08-11 17:15:37.034178
5150372c-63f4-4250-bbbc-1fd0478ff426	Bastard Out of Carolina	2021-08-11 17:15:38.129714
99c58001-c91c-471e-b1e6-25d68f5b5182	Tillbaka till Bromma	2021-08-11 17:15:39.225814
9c837860-c70b-4058-9bc2-3a5f398b8eef	Ethan Frome	2021-08-11 17:15:40.320148
cd0c7e62-4cdd-424c-aa0c-62f8041b9b3c	Salon Kitty	2021-08-11 17:15:41.408968
c2000d86-29e5-4b32-beac-187a14823616	Bill Burr: Let It Go	2021-08-11 17:15:42.507443
d993ac5c-a994-47f5-9ebe-547244691ab2	Holy Wars	2021-08-11 17:15:43.600834
5b65a944-226a-4999-bb24-8b7bf2ec052d	The Story of Robin Hood and His Merrie Men	2021-08-11 17:15:44.736056
e9e085ab-f62e-43e1-aa53-04170eec1b12	Anthony Zimmer	2021-08-11 17:15:45.889387
006bc13e-cbc2-4283-b596-90e598c2b7ce	Omega Code, The	2021-08-11 17:15:46.993916
618fc4f3-fa95-4ebf-a0f2-f7b045e99477	Slam	2021-08-11 17:15:48.104652
c3764f20-df6e-4160-a7ff-9c770f2ab2ff	Drew: The Man Behind the Poster	2021-08-11 17:15:49.215835
1d810d33-6d72-4bcd-8c75-f516f252c7c6	Shirin	2021-08-11 17:15:50.316026
4e2a53cb-442f-4ece-827a-a0b8be058217	Kozara	2021-08-11 17:15:51.399077
90ee9176-f2b2-4bd0-ae6a-b19e321c1db6	Marion Bridge	2021-08-11 17:15:52.490806
f15964ce-4e5c-4b72-bd64-0a9b044f53ef	Zigeunerweisen (Tsigoineruwaizen)	2021-08-11 17:15:53.600088
b004df1c-0be0-425f-a912-6b0d0097b5f1	Jew in the Lotus, The	2021-08-11 17:15:54.714857
188ec95c-8c47-42e8-b88d-629adf800b3e	Curve, The (Dead Man's Curve)	2021-08-11 17:15:56.943903
a5b3b8f1-aa0b-4ff7-9a14-579d8f2f5d0a	Bunch Of Amateurs, A	2021-08-11 17:15:58.046859
8f066a92-f7a8-42c6-9308-2d1bca591b86	Littlest Rebel, The	2021-08-11 17:15:59.142147
2d3d17d6-b108-4fe9-abbc-8bc74d08f61a	Next Day Air	2021-08-11 17:16:00.306849
c9522742-6d99-4ce3-88b0-8f2aabddf4c8	International House	2021-08-11 17:16:01.407
bd502323-aa8d-4924-a29b-ace72b8ecb56	Price of Glory	2021-08-11 17:16:02.492183
5414de2f-e2cd-4c95-8144-d065255c7164	Wild Target	2021-08-11 17:16:03.599377
7d265511-f845-492d-99b9-599c956b0e94	Euridice BA 2O37 (Evridiki BA 2O37)	2021-08-11 17:16:04.70442
85d3cae0-a180-47e7-a8ce-f18ca4904ae5	Nobody Lives Forever	2021-08-11 17:16:05.797937
303e0134-13ea-487e-af71-db64cebd9515	Rock-a-Bye Baby	2021-08-11 17:16:06.887474
ed25ba5a-4b2b-49dd-9208-f4f4296d3c11	Birdsong (Cant dels ocells, El)	2021-08-11 17:16:07.991413
6a3f2cb4-a09c-4792-9e5c-0abab3b1c610	You're Missing the Point	2021-08-11 17:16:09.115971
4b694114-4f57-4eda-b333-8b4a3229d843	Business as Usual	2021-08-11 17:16:12.439603
dc638a3b-3eb7-4b04-843a-8639849085d4	Final Inquiry, The (Inquiry, The) (inchiesta, L')	2021-08-11 17:16:13.546811
db75a944-ea0a-4fbe-970c-a50ce523cfc7	Act of Violence	2021-08-11 17:16:14.659134
53a6879f-5774-48a6-8340-08dc455f671f	Paperman	2021-08-11 17:16:15.750808
eb3029fc-d1c0-4e4e-a54a-8794c987c240	Sleeper	2021-08-11 17:16:16.845098
3dbdce29-90b7-40b1-afcb-b84bf489ebd2	Baboona	2021-08-11 17:16:19.075145
6302b72a-c257-4422-bb8d-12fbd7aabf57	Disturbing Behavior	2021-08-11 17:16:17.960405
7c8acc97-481f-4d20-883a-a7502e3b6f8a	Heartbreaker (L'Arnacoeur)	2021-08-11 17:16:23.55426
acfc1595-034a-4313-8828-74216499951e	Return to House on Haunted Hill	2021-08-11 17:16:26.85812
c1091756-744b-4200-871a-d4ff8f458ae3	Public Housing	2021-08-11 17:16:20.224161
0868e66a-3b97-4f99-8a2b-2de79b108b94	TerrorStorm: A History of Government-Sponsored Terrorism	2021-08-11 17:16:22.418187
8cb9f8f8-c079-40c3-b64f-6a05dcfd74f5	8:46	2021-08-11 17:16:25.762765
ae40abec-6d85-48db-b3df-95df9a0c93e2	Hoax, The	2021-08-11 17:16:27.961094
f09bdde8-e7af-4ce0-83e7-b95ba0223f95	Personal Effects	2021-08-11 17:16:29.066633
a8055777-018e-451e-b54d-599463508473	Pirates of the Caribbean: Dead Man's Chest	2021-08-11 17:16:30.192889
f84e95bc-fa6f-44a3-840f-3cb0137d0387	Bitch Slap	2021-08-11 17:16:31.340475
882f6186-32a5-4202-94fd-9913da955fee	11 x 14	2021-08-11 17:16:32.442709
dacb944d-4836-4810-b88c-3d9a94788678	Teenage Mutant Ninja Turtles	2021-08-11 17:16:33.560995
1dc4683d-c0f1-4f72-b5c5-4a2deaf5bc87	Death King, The (Der Todesking)	2021-08-11 17:16:35.77789
f6faf68f-e35c-417b-8c36-99508d6a9aba	Crime of Passion	2021-08-11 17:16:36.890537
4f9439ee-f02a-4e48-befb-3d73a63182f3	Double Take	2021-08-11 17:16:37.986812
f6f61f88-0392-40d2-8f18-695f4f6d8824	What Lies Beneath	2021-08-11 17:16:39.105897
163c55f0-d7f3-41c4-b937-606ed7c02dbd	Charlotte Gray	2021-08-11 17:16:40.212061
ef9c61f3-bd5c-4fef-9f67-71a1f0b708a1	Man of Iron (Czlowiek z Zelaza)	2021-08-11 17:16:41.309432
e31ae316-7748-4ba9-a3bb-6aaed2b7133d	Lulu on the Bridge	2021-08-11 17:16:42.405579
aa1099bf-f5ae-40f3-b3e9-8237df1d8646	Cinema Paradiso (Nuovo cinema Paradiso)	2021-08-11 17:16:43.52659
6e254149-3665-43d4-8af8-ee63ca1c8261	Tavarataivas	2021-08-11 17:16:44.627419
78f022b1-5631-40f9-a918-bbf235deeaed	Undocumented	2021-08-11 17:16:45.71533
0f9df41c-8e95-4043-9cbf-aa39aeef4d1c	Louis Theroux: Twilight of the Porn Stars	2021-08-11 17:16:46.809364
74c7d91b-8176-43cd-a46a-52104a0b793d	Great Mouse Detective, The	2021-08-11 17:16:47.946161
299f3f1f-f339-4ce0-b07c-1dfbb9814f3c	Cowboy Bebop: The Movie (Cowboy Bebop: Tengoku no Tobira)	2021-08-11 17:16:49.048856
1c1efb5c-2569-4437-8700-5e72bb5c58f6	Persona	2021-08-11 17:16:50.153325
35292edf-e728-4d5c-bf68-e905c7985574	Outside the Law	2021-08-11 17:16:51.247086
a9f23d9b-ff52-4911-82d3-c547aa04bce5	Six of a Kind	2021-08-11 17:16:52.344563
006e3835-d1ea-44d5-9036-bf2736d1cf28	Age of Stupid, The	2021-08-11 17:16:53.424618
f5b3750c-d49b-4dac-a9af-1d385dbcd87c	Sassy Pants	2021-08-11 17:16:54.507311
7d7856c1-c52f-4f80-a7f3-abb1462dd9a4	To End All Wars	2021-08-11 17:16:55.606941
b8334fce-6992-4bcf-b9ae-395b8b0ca2ba	Let's Get Those English Girls	2021-08-11 17:16:56.699216
fbe4e56c-8a00-4b3f-907d-aedf54a513c0	Side by Side	2021-08-11 17:16:57.783523
aff91da3-21de-40bb-a04b-b2780c5bb8b5	Song of the Exile (Ke tu qiu hen)	2021-08-11 17:16:58.881137
9ddb6de5-6add-444d-9c06-d6742e16720f	Bloodline	2021-08-11 17:16:59.987266
c85a4d03-98d3-4267-9fd3-0d9f044ede24	Regarding Henry	2021-08-11 17:17:02.168922
cc54594f-ef7b-4ef1-a16b-b1839c610430	Jack Frost	2021-08-11 17:17:03.283879
d78a5186-f1b6-41fa-af96-dd9518546517	Bad Ronald	2021-08-11 17:17:04.399388
1a62cc20-542f-4f58-ba22-01c77f278a80	Kite Runner, The	2021-08-11 17:17:05.505279
a50cb2ca-f35b-4fe2-bc55-2b00a51b661d	After the Reconciliation (Après la réconciliation)	2021-08-11 17:17:06.61105
b3479b8b-9376-4877-8aa7-bbefca06db4e	Harriet Craig	2021-08-11 17:17:08.75468
335bbb36-fab8-4e2f-8527-38ab47c1f409	Frankenstein	2021-08-11 17:17:09.895454
39b9415a-9806-4d2c-a82b-09f5a239fa72	Sophie's Revenge (Fei chang wan mei)	2021-08-11 17:17:11.009511
9769787e-4af1-48ee-bdde-1f6263d69f13	Good Old Fashioned Orgy, A	2021-08-11 17:17:12.095219
5ba53abe-2e02-481a-bdb0-e7d62af7c589	Buchanan Rides Alone	2021-08-11 17:17:13.168609
6f6cf907-618b-46c9-97b2-2a3c5d263a75	Beautiful Lies (De vrais mensonges) (Full Treatment)	2021-08-11 17:17:14.255501
0b88b983-bed9-4daf-b017-4ae5e0189e2a	East Palace West Palace (Dong gong xi gong)	2021-08-11 17:17:15.331785
b6e90f19-961e-492a-84d9-e8c27cd12f93	Sybil	2021-08-11 17:17:16.424657
173e2ecc-3282-4521-9217-38076acc0715	In Your Hands (Forbrydelser)	2021-08-11 17:17:17.506879
165df46b-46e2-4fb7-a0bf-63aaab86944d	Clash by Night	2021-08-11 17:17:18.599216
28e7d6f1-b544-41bb-bd72-b43db3266453	New Best Friend	2021-08-11 17:17:19.688604
2e90bcb7-508d-441b-9b2e-0135affafdd6	The Crowded Sky	2021-08-11 17:17:20.778918
66eab7b5-1a31-4647-a151-c7e4f791779b	Red and the White, The (Csillagosok, katonák)	2021-08-11 17:17:21.855977
95dfa4ea-c7f2-4aaa-b4de-c6e2c5bd8f12	Dans la peau d'une grande	2021-08-11 17:17:22.936157
ea518c25-3817-4b65-a673-73d1786d9e5a	Because of Winn-Dixie	2021-08-11 17:17:24.046876
caddfca8-61ee-4429-8596-b655cca6002e	20,000 Years in Sing Sing	2021-08-11 17:17:25.157633
92932fcb-006b-4e85-9fe1-56a6c29b264a	Good Humor Man, The	2021-08-11 17:17:27.320714
e3eb11e2-4e0e-4043-9ddd-dbb8f9db502e	3000 Miles to Graceland	2021-08-11 17:17:28.424259
7fac9455-f84c-4395-baad-bb3af2b50691	Kid for Two Farthings, A	2021-08-11 17:17:29.532721
35a4fb56-390a-49f1-9e81-85a9cabd040a	Into the Woods	2021-08-11 17:17:30.628128
b50ee8ff-f9d3-4e26-ac8c-738012d96e26	Scent of a Woman (Profumo di donna)	2021-08-11 17:17:31.706708
9cc65b60-7764-4712-941e-100c33229221	Transporter, The	2021-08-11 17:17:32.78609
97117e0a-236c-415a-835b-bd73f298ab60	Band of Outsiders (Bande à part)	2021-08-11 17:17:33.861609
17d61026-4aa6-4e9f-852b-950b736aa048	Out of It (La carapate)	2021-08-11 17:17:34.971964
82a84b6d-cf5d-4d55-b67f-6b24015ee283	Auschwitz: The Nazis and the 'Final Solution'	2021-08-11 17:17:36.045047
80a2ada0-e996-45ef-9d79-16e6bc567d54	Who's That Girl	2021-08-11 17:17:37.108951
be6a93dd-9686-4db4-8355-e43c37adfa03	Marrying Kind, The	2021-08-11 17:17:38.191886
caeb8928-2e96-4006-9bc3-eed8f2ca4462	Petulia	2021-08-11 17:17:39.291304
bae4d4c5-15a1-42f5-963b-d8d0c851abd5	America's Sweethearts	2021-08-11 17:17:40.392786
79fd9145-d487-410a-a02e-d41aa32b7bea	Super Troopers	2021-08-11 17:17:41.473733
cb410ba9-184c-42f0-8d28-3f523ffa5db8	Adventures of Don Juan	2021-08-11 17:17:42.549624
ed7f1ee4-d120-4489-b92d-aae6aa875e31	Robot	2021-08-11 17:17:43.650663
794bd5d7-8ba1-4924-b5e4-7e9d2c2e14c1	Why Man Creates	2021-08-11 17:17:44.769646
b91bb81c-b3ca-46b4-ac45-b96b7a04737a	Getting Any	2021-08-11 17:17:45.840189
79a149d3-ed80-472b-be20-3ac96bc39775	Last Holiday	2021-08-11 17:17:46.906671
52437889-7fd5-4c08-94f8-b297244d69ce	Kaleidoscope	2021-08-11 17:17:48.011996
b1aafb29-61e7-4580-bcbc-8b395550577a	Heartbreak Kid, The	2021-08-11 17:17:49.097918
5e605399-eac3-4793-8bd3-784c73b0a28e	Bogowie	2021-08-11 17:17:50.185403
7ee02535-e494-4bf8-a7e5-2ebdb6c36794	Misérables, Les	2021-08-11 17:17:51.273241
ae2d4386-02ed-4440-b415-6c33c751e9c6	The Castle of Fu Manchu	2021-08-11 17:17:52.376405
588dcbbf-fbf4-4699-97cd-cc8c967f5743	Still Waiting...	2021-08-11 17:17:53.480997
43c0c8e9-2f6b-4ba3-91a8-debb18c28737	Master and Margaret, The (Il maestro e Margherita)	2021-08-11 17:17:54.578899
23592e7d-249a-455b-9cbf-a94c5eedfccc	Doctor Dolittle	2021-08-11 17:17:55.658068
8fac2e7f-4373-40f5-b1e9-5a6f915ceb79	Comancheros, The	2021-08-11 17:17:56.772183
013fab28-2984-4613-afde-9d2b75f25579	Babe Ruth Story, The 	2021-08-11 17:17:57.859692
5f0eb29b-1c00-4418-8681-921d0e497727	Mission Bloody Mary	2021-08-11 17:17:58.935092
fd6f6257-12df-41ec-be88-5e6d044892b1	Tito and Me (Tito i ja)	2021-08-11 17:18:00.014913
52329b79-60bb-470a-bc4d-c4fed73417bc	Demonic	2021-08-11 17:18:01.095242
e81e0ec0-ed91-42bf-b5e3-8859fd9b5304	It Started with Eve	2021-08-11 17:18:02.176317
1b680a25-4b95-49f7-861b-17e43fc69a53	Alan Smithee Film: Burn Hollywood Burn, An	2021-08-11 17:18:03.265533
b293e7b8-58c7-47c5-a3b4-00345e90fab6	Winds of the Wasteland	2021-08-11 17:18:04.356924
628d2cf1-a88c-43f3-af0e-2ab3b1a985ba	Lovers of Hate	2021-08-11 17:18:05.443128
c322cc90-c7eb-45fb-a9e1-e25096a40737	13 Ghosts	2021-08-11 17:18:06.518953
dfe0ef79-943f-497f-bc60-1a04c0567258	Leadbelly	2021-08-11 17:18:07.595902
5ffd41c5-c755-4192-a430-fb35f89f9920	Great White Silence, The	2021-08-11 17:18:08.673511
70194655-ad10-48fa-997e-d456cc5e9481	Borrowers, The	2021-08-11 17:18:09.781789
c77a35d7-c590-4caf-a996-ceddd648e9bb	Man from Earth, The	2021-08-11 17:18:10.880029
a6db16a4-9e3f-4abe-aafc-249282c533b9	What Have They Done to Your Daughters	2021-08-11 17:18:11.944628
f994b08a-f21f-4fc7-8cd8-6fc160e925fd	Hotel Chevalier (Part 1 of 'The Darjeeling Limited')	2021-08-11 17:18:13.021919
249cd70b-e002-4557-8671-856bf6d09059	Plankton	2021-08-11 17:18:14.094821
fbb21a4e-857d-45c3-9a68-a82740d479ec	Conan the Barbarian	2021-08-11 17:18:15.179028
67692997-65b5-49cc-99ca-ac0471653244	Black Magic Rites & the Secret Orgies of the 14th Century (Riti, magie nere e segrete orge nel trecento...)	2021-08-11 17:18:16.266628
b736f5c3-6083-41cc-893c-298d88de0d97	Yo Yo (Yoyo)	2021-08-11 17:18:17.345008
27aad288-9eb6-4acc-a4a9-c60796c45186	Naughty Room, The	2021-08-11 17:18:19.516815
fe178e90-c9c5-4141-9e17-d68b4f4ac1e6	Naked Civil Servant, The	2021-08-11 17:18:30.700661
567d675b-3d09-490c-9ae9-7c5e937e1f67	On Our Merry Way	2021-08-11 17:18:36.190055
060c96d2-19c1-4ed5-80e2-fd692dadc4d4	Aliens in the Attic	2021-08-11 17:18:40.556871
f089fe9c-9faa-49f0-91cb-64373bdefd49	Beyond the Time Barrier	2021-08-11 17:18:41.651689
6410873c-46d3-4332-b911-0b9c08cda88d	Begotten	2021-08-11 17:18:46.117438
55b92a14-e571-4cef-b41f-c04851602b3d	Apartment, The	2021-08-11 17:18:49.471391
1fa51aea-9752-447d-8006-54818685339c	Identity Thief	2021-08-11 17:18:52.78033
9d984471-e648-4e31-aff7-96d9c4e561f7	Prison	2021-08-11 17:19:01.844993
502a3a6b-b4d3-4db2-ab9a-98da371d8e7c	Eye 2, The (Gin gwai 2)	2021-08-11 17:19:05.271915
01aa1a91-dc35-4564-a653-f367efcc1b6b	Splinterheads	2021-08-11 17:19:06.408738
c8ead579-562e-457a-a0a1-ba30af0b00f3	Tony Rome	2021-08-11 17:19:08.684889
80039552-72b0-4a5c-aed8-2e6d4541ad1c	Me, Myself & Irene	2021-08-11 17:19:13.412848
ebeca262-b303-4372-a946-777b4ee941e8	2001: A Space Odyssey	2021-08-11 17:19:18.97742
9a76b77b-0d56-4e76-b0bc-25d14bf7b2c6	Where Are My Children	2021-08-11 17:19:20.057706
74afa887-9be2-4e41-a5b6-9e767fc2f034	Sun Also Rises, The	2021-08-11 17:19:21.141453
8c312c71-3529-4051-b02a-1ebd10978e23	Assassin Next Door, The (Kirot)	2021-08-11 17:19:27.900707
d37ade37-46a8-4685-95e1-b884ce0a80d0	Play House, The	2021-08-11 17:19:29.052269
ce099c8d-25ff-4abf-83a5-f8fe9718465c	Mist, The	2021-08-11 17:18:18.42974
e92f375f-5b05-49b9-a429-5fd283b097e3	Wrong Guy, The	2021-08-11 17:18:47.236188
9bf4d679-78ca-4d39-a11f-6f024ca214b5	Resolution	2021-08-11 17:18:50.583469
b92a50ad-9783-4860-a9f1-50a944297121	Hamlet	2021-08-11 17:18:51.682012
33d78048-dd36-44ce-ac47-1cb148cd49b9	Direct Action	2021-08-11 17:18:55.058963
ae1e8d2d-97bc-4f2c-829b-f593867f5cd1	Invisible Ray, The	2021-08-11 17:18:59.593614
87e0c65f-4b8e-4488-8a43-38752382baa6	Eagle Has Landed, The	2021-08-11 17:19:03.004619
5e984957-322b-4088-b759-c9cce475209e	Tom Segura: Completely Normal	2021-08-11 17:19:04.153066
ac1f61d2-5ad9-4d70-9aba-dd9a62a11e2e	House on the Edge of the Park, The (Casa sperduta nel parco, La)	2021-08-11 17:19:09.824171
2c70c4c5-8fed-4379-b0cb-2f6f5b33216f	Olympian Holiday (Loma) 	2021-08-11 17:19:23.359511
becab54a-8b68-457a-8c5f-0645afb84053	Persepolis	2021-08-11 17:19:26.786797
9f5fb80a-9d4a-42bd-afd4-f13c7e9dff0a	Sharky's Machine	2021-08-11 17:18:20.667962
ed5a6063-49e5-4ae3-b11d-ad419803f5d0	Zombie Holocaust (a.k.a. Doctor Butcher M.D.) (Zombi Holocaust)	2021-08-11 17:18:21.78257
a37f93dc-8f32-4e38-a200-c78abc328ed6	Winter Solstice	2021-08-11 17:18:22.880152
96219d5f-3a1d-49cf-b4ad-043f49891907	No Way Home	2021-08-11 17:18:24.004036
7a6fad5d-7f16-4689-8e2a-951454f4c2b3	Act Da Fool	2021-08-11 17:18:25.059508
e8f323fd-782f-468a-b7b5-baf70dd4f90c	Black Power Mixtape 1967-1975, The	2021-08-11 17:18:26.170575
22bd025a-45e1-416d-b40c-e0bb5d0592ac	Kokowääh	2021-08-11 17:18:27.271404
b17f02ff-82d6-419f-b540-a75e3a850e73	Six by Sondheim	2021-08-11 17:18:28.364008
01c634eb-be6f-4189-b321-dd2d0f172055	Brothers Bloom, The	2021-08-11 17:18:29.521714
51cb06b4-2f66-479d-a2dd-089b3d7b7937	Skinwalkers	2021-08-11 17:18:31.806712
cbac9915-0e48-4059-8843-8b68a0caeb8c	Herb & Dorothy	2021-08-11 17:18:32.883885
6dd49309-18f6-4781-a273-7405195aaa03	Knack ...and How to Get It, The	2021-08-11 17:18:33.976934
a7db7492-2f72-491c-8793-39c8c980e1e1	Black Bread (Pa Negre)	2021-08-11 17:18:35.08286
b8ab05eb-e5c5-4586-bad1-844c7249020a	When Eight Bells Toll	2021-08-11 17:18:37.268577
d43d4038-b15c-4bb2-953c-905db355ed3b	Russian Specialist, The (Mechanik, The)	2021-08-11 17:18:38.368279
a999378c-5cd8-48e8-b7a6-24dc2d7490f1	Friday After Next	2021-08-11 17:18:39.447807
aef4c5ac-5ca9-4a0e-a224-7b416442ae4e	What Alice Found	2021-08-11 17:18:42.742094
6c026e90-b2f7-48e1-a407-83526c62a905	Drug War (Du zhan)	2021-08-11 17:18:43.910637
e4f1d353-d342-4c68-b3bd-f91d42782afb	Aviator's Wife, The (La femme de l'aviateur)	2021-08-11 17:18:45.036423
b372b5c7-6a69-4303-9424-22bb19e9f70b	Dante's Peak	2021-08-11 17:18:48.350894
7fd4f788-8559-4acb-9c62-0519853b00b7	Rumble in the Bronx (Hont faan kui)	2021-08-11 17:18:53.913473
234b26b9-904d-49d6-bfce-09ef951e279e	Million Ways to Die in the West, A	2021-08-11 17:18:56.172598
709a3b1b-7d80-40f4-ac50-581402838744	Garage, The	2021-08-11 17:18:57.313444
e9093591-db23-44b4-acf7-93c6872540b1	Zombie Island Massacre	2021-08-11 17:18:58.441442
ec6ef4fd-bc3d-4cbc-9582-03ea367da294	Magic in the Water	2021-08-11 17:19:00.722607
9f4cdd78-1d43-4961-8fb8-5b09429c976e	Taking Lives	2021-08-11 17:19:07.534947
c5842149-87e0-4242-bb9f-deceb5e829d4	2LDK	2021-08-11 17:19:10.963668
218cd4fe-2017-403e-816e-55e29055fb51	Pervert's Guide to Ideology, The	2021-08-11 17:19:12.225529
15d20480-b916-4b16-aa99-277625eebf47	David and Bathsheba	2021-08-11 17:19:14.562489
d11240b3-27a8-4201-a223-f7e0a38eb1fb	Magnificent Seven Ride!, The	2021-08-11 17:19:15.655197
2b0d06fc-e841-4efc-aae4-829bf41de67d	Creepshow 2	2021-08-11 17:19:16.736523
e9c1c814-0557-4168-ae41-0340909017bd	Girl with the Dragon Tattoo, The (Män som hatar kvinnor)	2021-08-11 17:19:17.861006
d0e5d2e2-2353-4d81-90fd-db2ead94a963	Allotment Wives	2021-08-11 17:19:22.259744
c96a1bce-7d97-42f7-bfe9-58e0d6b3b10c	Canal, The	2021-08-11 17:19:24.470869
8241b0ed-1f37-40e7-9427-4875704a9f93	Johnny Stecchino	2021-08-11 17:19:25.694401
7acfb839-db09-4bb1-9118-3885907035ab	Asterix and the Big Fight (Astérix et le coup du menhir)	2021-08-11 17:19:30.230418
0c29b616-e56e-4027-91b5-131ac83c5660	Swimfan	2021-08-11 17:19:31.346021
a3c9f5e9-a7a3-482c-89a3-ce72f25702d4	Black Coffee	2021-08-11 17:19:32.5615
ad151832-ba59-4b15-84f6-8be11519a691	First Person Plural	2021-08-11 17:19:33.706451
d4b36543-9e5c-4003-b027-7574a11167f1	Halloween 4: The Return of Michael Myers	2021-08-11 17:19:34.84231
053259c8-e175-4966-b0fc-39c57fc63351	Armored Car Robbery	2021-08-11 17:19:35.96223
2da670aa-2bc6-4e91-ad51-b59e2dc462f5	Far Side of the Moon, The (Face cachée de la lune, La)	2021-08-11 17:19:37.088157
8ecc9f35-c2de-4094-b8f2-c94e38298b3b	Limuzins Janu nakts krasa	2021-08-11 17:19:38.236769
c388f7e7-28eb-4404-a01b-dfd237ea2f62	Annabelle	2021-08-11 17:19:39.361544
8c193823-cea3-4239-a4b2-2b6e60d50f3c	Liberty Stands Still	2021-08-11 17:19:40.473502
1bdb75f7-f070-4860-a7cb-05268d897c7f	Cool, Dry Place, A	2021-08-11 17:19:41.597997
ba9a3cc1-796e-4fa9-b2b7-2bfcce5e3d87	Murder on Flight 502	2021-08-11 17:19:42.741319
c97069de-4daa-4e7e-93a9-0326361d95e3	Thick as Thieves	2021-08-11 17:19:43.85592
bc5239c9-0516-4871-b4d6-d4f8671a24dd	It's Love I'm After	2021-08-11 17:19:44.967362
773a0e9c-521e-47f3-9d82-821bbffd317e	Prime Suspect 2	2021-08-11 17:19:46.118853
796283a8-929f-4cc0-b1c5-6fc77a95faa5	Black Moon Rising	2021-08-11 17:19:47.220805
901cd154-1091-4172-b172-ed276bd07cde	Roger & Me	2021-08-11 17:19:48.323885
a5032db1-de4c-46b4-a344-96cd275aca21	Chiedimi se sono felice	2021-08-11 17:19:49.432567
6fbc00f9-0bbb-4701-a138-2f49e2a58ca8	Dr. Dolittle 2	2021-08-11 17:19:50.528562
c835a4e2-8a4f-435b-b60c-055640d1bae0	Man with the Gun	2021-08-11 17:19:51.637812
59eb8826-9df2-4843-88e3-684364d3c971	Detective Dee and the Mystery of the Phantom Flame (Di Renjie)	2021-08-11 17:19:52.753966
f3374aad-b24b-4412-b751-93fd2115beb9	Children of Noisy Village, The (a.k.a Children of Bullerby Village, The) (Alla vi barn i Bullerbyn)	2021-08-11 17:19:53.838193
e170921d-af5c-4236-80ad-f5f7e918444b	Trancers II	2021-08-11 17:19:54.922361
6ea3497a-88fa-4361-8526-1d2db44108d2	Hope Springs	2021-08-11 17:19:56.025284
795f9c00-e59f-425c-829d-bcc30c218e7f	Morning Patrol (Proini peripolos)	2021-08-11 17:19:57.139501
7bf451da-d7f2-49bd-8800-65c2c5719a99	Life of Jesus, The (La vie de Jésus)	2021-08-11 17:19:58.281446
385c81fb-3fa9-455a-8dba-281d1833ddde	Fando and Lis (Fando y Lis)	2021-08-11 17:19:59.370956
096c75b3-93e9-4d5e-be04-ad932f2676ee	Ladybird Ladybird	2021-08-11 17:20:00.462773
03f9521f-3df8-4197-801f-ab23c69ffe55	Trouble with Girls, The	2021-08-11 17:20:01.54985
b12f2421-f1fe-44fb-957f-307295637160	Good Old Daze (Le péril jeune)	2021-08-11 17:20:02.66329
5099980b-4031-4e4a-aa05-d910a71f100d	Clash of the Wolves	2021-08-11 17:20:03.797558
a2d224a7-7aa6-43e1-85e3-d5eb93ff50b9	French Kiss	2021-08-11 17:20:04.898464
79e45b1d-e8db-43e7-a034-e385fbb13e05	Reds	2021-08-11 17:20:05.990125
2bc8d667-de0b-4aa0-8264-034879245fb7	Overnighters, The	2021-08-11 17:20:07.094499
4183517b-175a-45ed-98de-d208cec7c773	Explorers	2021-08-11 17:20:08.190459
279e7edd-3dd6-48a3-b959-a3940e559488	Olsen Gang, The (Olsen-Banden)	2021-08-11 17:20:09.289782
4f1a713f-ff29-488f-9735-b1e11b82ed09	Little Fauss and Big Halsy	2021-08-11 17:20:10.388417
b2f0fab0-532a-4637-b3de-8dad7c57a60e	California Conquest	2021-08-11 17:20:11.514129
0d9368a0-3c49-4ccf-95bd-7b349555837e	Hurricane, The	2021-08-11 17:20:12.631298
ed3c1c39-7793-4ebf-b94a-49963f933813	Calendar Girl	2021-08-11 17:20:13.721579
aafa4c8a-e437-4795-a12f-5779c4e989ca	Aladdin	2021-08-11 17:20:14.822703
954e33eb-f144-4dbd-a228-965119c61238	Page Turner, The (Tourneuse de pages, La)	2021-08-11 17:20:15.918555
fb0e6f47-a75e-4fe3-affd-aa03e31a9220	Bedford Incident, The	2021-08-11 17:20:17.013396
e61352cd-f5f2-4b79-9477-75aefd2c038b	Von Richthofen and Brown	2021-08-11 17:20:18.10014
3f76ce8d-7b28-4be8-a992-9f7776229d25	Love Is the Devil	2021-08-11 17:20:19.209772
66bbb074-81e8-47b1-b8df-fd89bc738490	Despicable Me 2	2021-08-11 17:20:20.325236
f22d45ea-f751-41d5-b86b-e6267e6c933a	Big Pun: The Legacy	2021-08-11 17:20:21.415035
ec6ec3eb-fbb2-458f-b639-392c6a7799a3	Long Kiss Goodnight, The	2021-08-11 17:20:22.557138
23b44885-9514-44ec-8363-cf7ec2e9a6b0	Hav Plenty	2021-08-11 17:20:23.650644
d3053871-6ae0-4984-8dae-4d064f12528a	Notorious	2021-08-11 17:20:24.748401
b0d2ee9c-58c4-4317-9cf4-30a2ed305c48	Social Genocide (Memoria del saqueo)	2021-08-11 17:20:25.840036
71509ab4-17b4-4752-833b-7863ebcb51be	Light Sleeper	2021-08-11 17:20:26.938385
d31ceffc-7f24-492b-88be-f6579417fa1d	El Robobo De La Jojoya	2021-08-11 17:20:28.024299
a63b015b-94f6-4be9-bc2f-1201bdba5946	Bikes vs Cars	2021-08-11 17:20:29.103852
a9c82a4f-7b4d-4041-a843-1f5dba15a628	The Green Years	2021-08-11 17:20:30.206968
e9f6b94d-0551-4bd1-a110-54e1793a652b	Steel Helmet, The	2021-08-11 17:20:31.322006
ec77c107-ae1d-49db-b585-0b438b0e4407	Inherent Vice	2021-08-11 17:20:32.455344
2c3a4d20-b42b-470c-aa55-a66890b9aa15	Midnight Madness	2021-08-11 17:20:33.550121
d6a5c062-2fdf-4676-93ad-965c9eceec2c	The Humanoid	2021-08-11 17:20:34.641542
90105395-bc80-4091-aed6-ae167127b125	Endeavour	2021-08-11 17:20:35.764161
58cf662b-124d-47a0-b6c0-b7ed0acf42d4	Me and Orson Welles	2021-08-11 17:20:36.861924
443f2291-aac8-49a7-afed-cb9993a1e46f	Anne of Green Gables	2021-08-11 17:20:37.959203
29c57182-8a65-4515-a844-6eb1587a7259	Hail Caesar	2021-08-11 17:20:39.081596
2938acd1-55c2-4962-9dea-20dca81060a6	The Learning Tree	2021-08-11 17:20:40.175671
fd9da336-63ae-4b6c-9c12-cbd4df8000e7	New One-Armed Swordsman, The (Xin du bi dao)	2021-08-11 17:20:41.279935
01f29679-fcc5-494f-9851-af4e1bf5e3f2	Grass: A Nation's Battle for Life	2021-08-11 17:20:42.379168
76280896-71f6-491a-860e-4e2228df1769	Annie Get Your Gun	2021-08-11 17:20:43.523798
754674b8-324d-45fe-b1fe-30ab1634358f	Once Upon a Time in China and America (Wong Fei Hung: Chi sai wik hung see) 	2021-08-11 17:20:44.629128
d436c86f-422a-4c8c-9dd8-4396744acf9b	Macheads	2021-08-11 17:20:45.73341
94822c10-4f59-445d-b877-0c13dc8336a2	Mindwalk	2021-08-11 17:20:46.826881
ee875210-aa59-4fa4-9822-defa19abfa3d	Gilded Lily, The	2021-08-11 17:20:49.038883
bedffb16-70ca-418a-ab05-267d79ee6b20	Boogie-Doodle	2021-08-11 17:20:50.165722
107c7d4e-c0d0-4fd1-8ba3-36d512071f72	Sekirei	2021-08-11 17:20:51.245282
b42b0d2d-1051-4d3c-8f38-a93a69eb3644	Pull My Daisy	2021-08-11 17:20:53.437071
a95aa941-c4f1-4697-9a79-1b95f3df2863	Conversation, The	2021-08-11 17:20:56.699763
529465d7-5e74-40c2-8c02-c5e1aca27236	Highlander III: The Sorcerer (a.k.a. Highlander: The Final Dimension)	2021-08-11 17:21:02.204372
19971272-0078-4504-8dee-2886ca006447	Middle of Nowhere	2021-08-11 17:20:47.918401
b26aa62a-8433-4e0e-aa79-4eab95bb40fe	Highly Dangerous	2021-08-11 17:20:52.334964
1a6b5a2b-6625-4074-829d-dfb6a0ca6392	Rabbit à la Berlin (Królik po berlinsku)	2021-08-11 17:20:54.530268
e99ea69d-e913-4d76-8101-46b66266cd7c	Decision at Sundown	2021-08-11 17:20:55.611056
a660114c-4583-4ace-849b-b0a0e9cd7e00	Little Dorrit	2021-08-11 17:20:57.813151
7b52bc5f-9240-483a-9a8d-8bdd5f14f8a4	Antares	2021-08-11 17:20:58.894954
1155c262-1f89-4ba7-b561-580550a31788	District 9	2021-08-11 17:21:00.011016
f639ab5e-2a01-4cbe-8ba3-1f695f97b5e0	Shadow Conspiracy	2021-08-11 17:21:01.111658
7091d622-0a2c-4170-8ad0-a107c81528ee	Red 2	2021-08-11 17:21:03.321196
4cef6fd6-521e-4c23-bfd6-d104f53aa768	Physical Evidence	2021-08-11 17:21:04.406121
bfb93c7c-38ac-4733-84a1-30e9d956a68b	Mother, Jugs & Speed	2021-08-11 17:21:05.515682
5fc9be39-5ff4-4590-827f-fa3ccab65fb5	Hi Tessa (Czesc Tereska)	2021-08-11 17:21:06.62097
4c0ccbd6-051e-4596-9149-b6864b2a5447	Ambulance, The	2021-08-11 17:21:07.711924
00f7834c-97c4-4066-99d0-575b69b4d349	Judge Dredd	2021-08-11 17:21:08.821281
1196d5db-ed34-4dc1-9066-b1ff690295cb	EDtv	2021-08-11 17:21:09.913905
fb50bc04-16c5-4ccd-8051-b79194ef5c4d	Final Destination 2	2021-08-11 17:21:12.102041
623f4b1d-850c-4f8f-8bea-3e2fd3d9082a	Red Tails	2021-08-11 17:21:14.327525
28ed02bb-dd70-4926-b2f9-2a89b1e473c6	Ladykillers, The	2021-08-11 17:21:16.524174
121141b1-9b6b-48e6-930d-20b6fae81f31	Cousinhood (Primos)	2021-08-11 17:21:17.628673
28244078-6a37-4400-bd15-a335904f28cd	7 Women (a.k.a. Seven Women)	2021-08-11 17:21:18.71622
7e60c9bd-0090-45a4-b58f-6064158e0fd7	Penelope	2021-08-11 17:21:20.920654
7ac810a7-8f78-4997-b326-379a42b33d27	Simon of the Desert (Simón del desierto)	2021-08-11 17:21:22.026573
95fc4b9b-83a4-4491-9c7e-cedfd94f0272	Children of the Night	2021-08-11 17:21:23.114213
28739a63-4676-4c78-a112-11cd9f3319ab	Bad Boy (Dawg)	2021-08-11 17:21:24.206243
331fdcb0-77ae-4832-aaa8-08ef288499ea	Nancy Drew: Detective	2021-08-11 17:21:25.309459
cb7cb943-b9c5-4b6d-ad0b-5b26e8e6992f	I Love Sarah Jane	2021-08-11 17:21:26.422257
b0170d8c-b8a8-4b6f-9a89-0b47e7095d65	Tunes of Glory	2021-08-11 17:21:27.515219
540fe17b-97b4-40b1-86b6-feb9a92abbef	Riki-Oh: The Story of Ricky (Lik Wong)	2021-08-11 17:21:28.602386
b4117ecb-e631-4a4f-810e-84e2c76bba90	Maiden's Cheek (To xylo vgike apo ton Paradeiso)	2021-08-11 17:21:29.701093
9c0f67ea-4ec5-406f-ab80-ddbef60b015c	Morocco	2021-08-11 17:21:30.8027
ed1ef9d0-6e73-4a88-b974-3e47ea72adb6	Leaves of Grass	2021-08-11 17:21:31.936733
add4b12f-a339-46e8-94ab-54a3e348f37a	Satan's School for Girls	2021-08-11 17:21:33.067671
cbb51fa3-5077-4d1c-9f00-c3ab5c410dad	Great Train Robbery, The (a.k.a. First Great Train Robbery, The)	2021-08-11 17:21:35.424721
de8197f6-b497-4db2-8efe-e71a6a89c473	No One Lives	2021-08-11 17:21:36.701478
66c8ba2c-9d8f-4c78-9bd5-d5a6442f018a	Lucky Luke: The Ballad of the Daltons	2021-08-11 17:21:37.830127
ae9f9258-1ae6-459b-a639-164df7037f11	Ethel	2021-08-11 17:21:38.932634
dd2eb12c-7417-41ae-99cb-16335d6ac045	Beautiful Girls	2021-08-11 17:21:40.073419
b6a22149-6882-44db-a49d-831e28406ec6	Liliom	2021-08-11 17:21:41.189545
493fa2c6-6e15-46ab-97c8-9327914095cd	Hollywood Shuffle	2021-08-11 17:21:42.285231
39de04b9-be2f-464f-8d8f-0028e8c04da3	Ghosts of the Abyss	2021-08-11 17:21:43.386857
1436d1dd-c214-4f73-bbc9-1ec8ec015dd8	Sister Act	2021-08-11 17:21:44.482821
b63dc1a4-5b92-4027-ab4a-9bea365ceb45	Honeymoon Killers, The	2021-08-11 17:21:45.589278
259a885c-4611-4e77-b735-41cbcb548d35	Nevada Smith	2021-08-11 17:21:46.696316
14d73ad8-7523-4372-b525-aa6263145e2e	Frankenfish	2021-08-11 17:21:47.852083
ce538396-36e7-431f-a5bd-20d521aac893	Anthropophagus: The Grim Reaper (Antropophagus) (Man Beast) (Savage Island, The) (Zombie's Rage, The)	2021-08-11 17:21:48.949565
27b3eb60-2a12-4e20-9ac6-f1091c9b9ec2	Pit, The	2021-08-11 17:21:50.066875
143f5e96-0e12-4920-bba2-bc08d8875278	Arena, The (a.k.a. Naked Warriors)	2021-08-11 17:21:51.207584
e4d936a7-4ba6-40af-9443-fd664b8ba749	Fuse (Gori vatra)	2021-08-11 17:21:52.321381
73773c3a-aa50-47d0-acfa-3c8c37ef74f8	Sonny Boy	2021-08-11 17:21:53.432237
0e4c3d8c-99c4-46ed-9816-4cebbc1eb35a	On Dangerous Ground	2021-08-11 17:21:54.540495
5854e561-ba53-4d02-9797-64b8734428d4	The Virginian	2021-08-11 17:21:55.638811
1d772733-cca3-4236-be3e-5ade5f43e5e1	Tol'able David	2021-08-11 17:21:56.734436
49fe0bff-bb00-4c62-8115-cca70635c82b	Castle of Cloads, The (Pilvilinna)	2021-08-11 17:21:57.829721
ab23de8e-7641-4705-876c-e320c1b9c29b	X-Men	2021-08-11 17:22:00.047784
b6014fca-d272-405d-aa97-d7420e05823b	Female Agents (Les femmes de l'ombre)	2021-08-11 17:22:01.149123
966f748a-fa1b-421f-b316-f1b3ef995886	Lone Survivor	2021-08-11 17:22:02.263218
b0f57ca5-7245-4174-8b1c-aa8ccfc25a8a	Seven Billiard Tables (Siete mesas de billar francés)	2021-08-11 17:22:03.347335
efdd4359-145b-4ab8-803d-48efde1bd00e	Berserk: The Golden Age Arc 3 - Descent	2021-08-11 17:22:04.452426
a71edb55-fa03-4815-a060-7f65422d42e5	Sun, The (Solntse)	2021-08-11 17:22:05.542636
e7296614-6ac5-4aa8-924f-1ae44950917c	Upswing (Nousukausi)	2021-08-11 17:22:06.629806
dc7599e3-c89f-4ea4-88a0-315e73f30085	Attila (Attila the Hun)	2021-08-11 17:22:07.760658
e84d7d7a-153d-45a0-bf43-c12d27c22663	Spy(ies) (Espion(s))	2021-08-11 17:22:08.899815
5998959c-f855-4705-9509-8eb05e99a495	Charlie Chan in London	2021-08-11 17:22:09.99182
1c13fa3d-57eb-48e5-8b6d-fc3c970c78dc	Sun on the Horizon	2021-08-11 17:22:11.086526
33a3b555-7c4f-49f1-b7c1-f9c772e76d50	Strange One, The	2021-08-11 17:22:12.17128
5e5c648f-8809-4010-9272-f04858414ed2	Phantom	2021-08-11 17:22:14.362078
f3aabdb5-5c96-428d-b86b-c594c54d15ea	New Wave, A	2021-08-11 17:22:15.47745
fcab634f-e409-4e44-ad1e-9a2fa644a622	The Care Bears Adventure in Wonderland	2021-08-11 17:22:16.591698
fef86367-a111-4a3a-a604-da1ade8766d0	Buttcrack	2021-08-11 17:22:17.678075
48b12471-304d-4a48-b5ff-3bc6af1a4630	New Year's Eve	2021-08-11 17:22:18.806598
f629163a-0ee9-4a27-9574-9a15ae549edc	Scissere	2021-08-11 17:22:19.899815
a87dd4d3-d915-4702-99a8-ea90d76a9089	Fierce Light: When Spirit Meets Action	2021-08-11 17:22:20.990413
80ceb017-0349-4bfd-9be7-1a6bd4a1f410	Screwed	2021-08-11 17:22:22.106695
e2f2772c-1973-4391-bb12-bdc9f2a1d94d	Metropolis	2021-08-11 17:22:23.258382
99f8432b-89ba-4213-8f45-f94d4baca658	Stalag Luft	2021-08-11 17:22:24.385752
aa31ea08-4c7f-4963-af49-5ea28bf4ce91	Barbarosa	2021-08-11 17:22:25.514188
001043b0-ffeb-4c93-9612-f043f7ea67d6	Backstairs (Hintertreppe)	2021-08-11 17:22:26.629386
a0a020fe-fd9f-4717-b2ef-4fda124f14cd	Yesterday Girl (Abschied von gestern - Anita G.)	2021-08-11 17:22:27.714602
c3f29ecb-f521-433d-b238-4f72407bad2a	Savage Grace	2021-08-11 17:22:28.839001
02c31ed6-6dac-446c-88b7-6077bb7f586d	Civil Brand	2021-08-11 17:22:29.93115
c2c64546-d3b8-46cf-805c-3998853b71c7	Monster Club, The	2021-08-11 17:22:31.048103
89754c30-9dba-415d-8581-e454b5b660a2	Young Thugs: Nostalgia (Kishiwada shônen gurentai: Bôkyô)	2021-08-11 17:22:32.182468
763afe58-4660-4dcd-a693-456f63f9bc0b	Fruitcake	2021-08-11 17:22:33.300423
a3694f9e-0cca-49ee-a117-2382f7c98d54	Password: Uccidete agente Gordon	2021-08-11 17:22:34.381044
bea8c594-562e-4529-b32b-97122cd1a0f3	Ron Clark Story, The	2021-08-11 17:22:35.476747
69650f3b-016d-4e87-b7e0-3e95d6ae916a	Reel Injun	2021-08-11 17:22:36.627063
6db4c7fc-240b-4a18-b312-c71df1093c5a	Well Digger's Daughter, The (La fille du puisatier)	2021-08-11 17:22:37.772493
f42729c6-3765-4824-b1db-e88b4f52255a	Love's Labour's Lost	2021-08-11 17:22:38.898564
b1280dc4-270a-4520-b1fe-70bec69ad7a4	Employee of the Month	2021-08-11 17:22:39.982106
a17fbcf0-ff8f-4da7-8fd0-3ac8c7f6e272	Paragraph 175	2021-08-11 17:22:41.068875
88ec068c-fa1d-4be9-9f19-60aba7f49b92	Simon Sez	2021-08-11 17:22:42.202869
9d3119d2-2d27-4eb2-9f15-657077e9fa02	Casanova Brown	2021-08-11 17:22:43.307498
0fc6c614-1bfa-451b-8897-0da7c07f71c8	City Hunter (Sing si lip yan)	2021-08-11 17:22:44.399822
e41bb519-52d2-46f6-8730-7153528f3b88	Reefer Madness (a.k.a. Tell Your Children)	2021-08-11 17:22:45.517419
ada131e7-8235-4dfe-ace1-4618b60117bb	Strangers in Good Company	2021-08-11 17:22:46.624954
7f725d09-00bc-4035-bfbe-65180b0688b6	Sometimes They Come Back	2021-08-11 17:22:47.765288
9303c9ba-100f-4bed-b177-a183f53c71f3	10 MPH	2021-08-11 17:22:48.891792
fa588cb7-37c1-4635-8b06-9616f824e3f9	Girl in the Café, The	2021-08-11 17:22:50.024256
c1cb1a5c-6f46-4099-b324-8b20b5f82d71	No. 1 Ladies' Detective Agency, The	2021-08-11 17:22:51.156269
c32ea73e-1280-4c85-88e6-2d33e6561632	Arsène Lupin Returns	2021-08-11 17:22:52.275679
d63485df-ca80-4aed-af5e-e503ebd07195	Monkey's Tale, A (Château des singes, Le)	2021-08-11 17:22:54.50768
6a58f91b-b58a-40d0-b9db-53c384918a64	Charlotte's Web	2021-08-11 17:23:03.534392
6ac5b139-3ed9-4746-9a21-bfeecb249018	Beat That My Heart Skipped, The (battre mon coeur s'est arrêté, De)	2021-08-11 17:23:04.651956
4da4f226-f254-4705-8d1d-18d46d54255b	Goat, The	2021-08-11 17:23:05.780898
ad437df6-b5ce-4983-8505-338179e67816	Wild Hogs	2021-08-11 17:23:18.218532
9b287fc0-568e-4600-8ff3-a3ad07041d49	Incredibly True Adventure of Two Girls in Love, The	2021-08-11 17:23:22.794031
6acafe98-5ad7-4c02-91a9-ea1b2e648968	If God Is Willing and da Creek Don't Rise	2021-08-11 17:23:23.932754
f63b5b19-2511-4fac-8d34-1a1008ce284a	House of Cards	2021-08-11 17:23:25.085028
ca6be881-2ba8-4e8f-a83b-01acc9b0c0e9	Telling You	2021-08-11 17:23:27.373166
cce332a3-d5f3-4ecf-b5ef-8d6452e27077	Zodiac	2021-08-11 17:23:28.512123
c9eb92ef-f23b-4c44-a68c-00875e1ff7ca	Woman in White, The	2021-08-11 17:23:30.976017
8b2d3e54-b765-4dda-9162-f5545cd12395	Claudine	2021-08-11 17:23:32.123324
d4a98726-9556-4199-8d86-ae2498b8937d	Love Before Breakfast	2021-08-11 17:22:53.375187
ba4a8d7b-0112-4c40-adf2-8f26a7e3ca95	Power 98	2021-08-11 17:23:00.101542
bf5eb22c-6029-42d7-b843-8fe89d80976e	Choking Man	2021-08-11 17:23:01.226447
8518f9ca-598c-4b46-b1bf-349403d76944	Suomisen Olli yllättää	2021-08-11 17:23:02.369011
8396aac8-f769-4072-ab26-303e28388535	Anniversary, The	2021-08-11 17:23:09.177934
03019e17-b468-4393-93d8-2e3a512e0368	Shadows (Senki)	2021-08-11 17:23:12.624465
7d5c4b7b-a870-4707-a602-cc592a726c54	21 Up	2021-08-11 17:23:13.774908
6cfd8b7b-e96c-4d3c-9fb9-f12f00f39692	Love of Siam, The (Rak haeng Siam)	2021-08-11 17:23:16.002478
b4d43871-e042-4d91-bb63-df2fe9459e99	Recruiter, The	2021-08-11 17:23:17.120188
217f584c-53c0-4a54-8365-8657ea032c37	Bjarnfreðarson	2021-08-11 17:23:19.337444
fc75ec97-945d-41bc-8e5d-ebecdd1fdba6	Man Hunt	2021-08-11 17:23:26.244827
c9fa2f9c-1f25-49d5-9ab5-c018e40014b1	Sabotage	2021-08-11 17:23:33.273441
e24052b9-e468-4c26-ab8f-f09578cf8057	Hand, The (Ruka)	2021-08-11 17:23:34.450491
4fe30a8a-2ebd-46c6-afe1-59d6ab2499ed	Amateurs, The (Moguls, The)	2021-08-11 17:23:35.738699
16dd7da7-58cf-493b-9d0b-066342d2f4b6	Smiley Face	2021-08-11 17:23:36.901921
321a9159-ff91-42f6-9df3-218611d05a88	Real Blonde, The	2021-08-11 17:23:38.106273
10d3b135-3e6f-4040-86f3-385f48a4b0cd	Cape Fear	2021-08-11 17:23:39.282325
c3ed6d99-1b9f-43eb-bd22-ef002340ee98	Beyond the Mat	2021-08-11 17:23:40.410945
b17ecaba-6c9d-41ce-ab0f-e6f1cb90c7d8	Better Living Through Circuitry	2021-08-11 17:23:41.584023
619065e1-790e-4539-8408-9f1fb1f20fc9	Adventures of Huckleberry Finn, The	2021-08-11 17:23:43.933546
28144ae6-82f2-4f2a-bb46-5a8c5b5ffa1b	Land Before Time, The	2021-08-11 17:22:55.62569
6b40c2cd-6ce5-475d-b7c9-4fe17f14dafd	Ride with the Devil	2021-08-11 17:23:08.045011
1ea99313-c8ca-46dc-b631-8948105eb2e2	The Beautiful Story	2021-08-11 17:23:14.902384
52bbfb82-6c5b-444d-a4f3-3ab3d0704103	Employment, The (Empleo, El)	2021-08-11 17:23:20.475305
70cb202e-2973-4341-a958-7cb744b536cc	Out of Towners, The	2021-08-11 17:23:21.607032
0fabad5f-0eab-48a7-9b2e-98194620c1b4	Lone Wolf and Cub: Baby Cart at the River Styx (Kozure Ôkami: Sanzu no kawa no ubaguruma)	2021-08-11 17:23:29.727591
9cbd9768-1ca8-46af-881c-00677b62bb38	Turn It Up	2021-08-11 17:23:42.770069
41ccdf5a-2a63-40a4-be06-eba182ae2b60	Exit Smiling	2021-08-11 17:23:45.096218
8a5180dd-2e0a-44dd-95b6-72442e81475a	Hearty Paws	2021-08-11 17:22:56.756415
863b39a3-5903-4f46-81b2-7ff3cc8a2285	Desert Bloom	2021-08-11 17:22:57.872908
1c1c98a3-ec5e-4acb-b64d-3d2b09f750a5	We Are Legion: The Story of the Hacktivists	2021-08-11 17:22:58.973083
220bd74b-a0a3-407e-816e-9fac09718e9a	The Living Idol	2021-08-11 17:23:06.917148
380d1ab1-5bc9-4fd4-a157-52083a45b683	Loving You	2021-08-11 17:23:10.277116
2870261d-7dce-43bb-b9bc-99fc91ae58c1	Dead End Drive-In	2021-08-11 17:23:11.463448
\.


--
-- Data for Name: product_tags_tag; Type: TABLE DATA; Schema: public; Owner: -
--

COPY public.product_tags_tag ("productId", "tagId") FROM stdin;
633a77ef-fcc7-44a9-ba92-6a567af2d264	3a0854e1-df74-4917-ba7e-ac8dd130f9c9
068aa5dc-b53a-4c8a-b7d8-8ed83c7932a5	e2e6be8d-80c4-454e-977a-14b5f92c2502
068aa5dc-b53a-4c8a-b7d8-8ed83c7932a5	e757d51a-ef5e-4bc6-a3e1-ede4290fe0c1
068aa5dc-b53a-4c8a-b7d8-8ed83c7932a5	950a4d02-4c52-49cf-992f-18f13e551abb
6798846b-5574-47ef-868a-384a7b410a04	3a0854e1-df74-4917-ba7e-ac8dd130f9c9
6798846b-5574-47ef-868a-384a7b410a04	f45554e0-95d1-483f-994c-a0c56617a3e5
63adba65-8be4-4c0f-9f84-4b83e4d8066f	3a0854e1-df74-4917-ba7e-ac8dd130f9c9
63adba65-8be4-4c0f-9f84-4b83e4d8066f	f45554e0-95d1-483f-994c-a0c56617a3e5
7b1fcfc7-f791-46b9-a2e7-6f666062fb20	bfd58c77-0f31-4025-b344-9fbce15cb362
7b1fcfc7-f791-46b9-a2e7-6f666062fb20	f45554e0-95d1-483f-994c-a0c56617a3e5
ecdf29cd-cd24-4f4c-9d49-72441ab68d53	3a0854e1-df74-4917-ba7e-ac8dd130f9c9
ecdf29cd-cd24-4f4c-9d49-72441ab68d53	f45554e0-95d1-483f-994c-a0c56617a3e5
24601d72-90d1-49ca-9cde-197760c1aa2e	89e240be-943e-4198-8635-20359aed73c7
24601d72-90d1-49ca-9cde-197760c1aa2e	3a0854e1-df74-4917-ba7e-ac8dd130f9c9
24601d72-90d1-49ca-9cde-197760c1aa2e	da88ba55-8d28-4362-ade6-5be4e1da2033
52f0555b-46c0-4feb-b145-7dbac64ba0ef	f45554e0-95d1-483f-994c-a0c56617a3e5
ee77cea1-616a-415a-908d-0bd86e7f8b34	bfd58c77-0f31-4025-b344-9fbce15cb362
ee77cea1-616a-415a-908d-0bd86e7f8b34	f45554e0-95d1-483f-994c-a0c56617a3e5
93da3332-8166-4de6-bc5e-afb897ce24cd	f45554e0-95d1-483f-994c-a0c56617a3e5
e2065450-3ab2-4e53-b053-4ce565bbc31e	f45554e0-95d1-483f-994c-a0c56617a3e5
5800dc9b-059d-4c7b-86a3-83dc55818cc3	f45554e0-95d1-483f-994c-a0c56617a3e5
5800dc9b-059d-4c7b-86a3-83dc55818cc3	9c949e7e-3de8-40c0-b5c1-64324be33389
1374c56f-ec68-474a-8775-09311d96e837	e757d51a-ef5e-4bc6-a3e1-ede4290fe0c1
9827e130-a190-4a1f-8f8d-d7e428559f3f	3a0854e1-df74-4917-ba7e-ac8dd130f9c9
9827e130-a190-4a1f-8f8d-d7e428559f3f	f45554e0-95d1-483f-994c-a0c56617a3e5
9827e130-a190-4a1f-8f8d-d7e428559f3f	0999254b-81b3-4933-b12a-ffe52fa992fc
baf7ac6d-2639-45c6-b414-4033d073be12	3a0854e1-df74-4917-ba7e-ac8dd130f9c9
baf7ac6d-2639-45c6-b414-4033d073be12	9c949e7e-3de8-40c0-b5c1-64324be33389
14082f48-188d-4a03-a867-2d399a9ed922	f45554e0-95d1-483f-994c-a0c56617a3e5
14082f48-188d-4a03-a867-2d399a9ed922	950a4d02-4c52-49cf-992f-18f13e551abb
0171c174-aaa9-40ce-82eb-e5beabdaf423	f45554e0-95d1-483f-994c-a0c56617a3e5
0171c174-aaa9-40ce-82eb-e5beabdaf423	a6f9afe2-c38d-4afd-91a6-0d0508cce315
0171c174-aaa9-40ce-82eb-e5beabdaf423	950a4d02-4c52-49cf-992f-18f13e551abb
b4ae81a8-7493-41f4-82fe-0cc5329849fa	424e6e69-4943-48dd-8da2-d19d25249cde
b4ae81a8-7493-41f4-82fe-0cc5329849fa	0999254b-81b3-4933-b12a-ffe52fa992fc
953a22b3-b360-4ef2-ae8f-7b6c69e20304	f45554e0-95d1-483f-994c-a0c56617a3e5
0d4e6c0c-3b2a-4e05-befd-0b492fd71ca1	3a0854e1-df74-4917-ba7e-ac8dd130f9c9
a6c0fd5c-d108-4ec1-8c70-df458827222d	3a0854e1-df74-4917-ba7e-ac8dd130f9c9
a6c0fd5c-d108-4ec1-8c70-df458827222d	f45554e0-95d1-483f-994c-a0c56617a3e5
ef5947cf-bc99-45d0-a10f-3e68aa48647f	3a0854e1-df74-4917-ba7e-ac8dd130f9c9
2504fa8c-9c78-473b-a375-54a37f447144	cb5da69a-ea67-4bdd-b69c-191f46209cf3
2504fa8c-9c78-473b-a375-54a37f447144	f45554e0-95d1-483f-994c-a0c56617a3e5
fbdacc4a-cd0c-43e5-b6a8-6a73dc306c0a	3a0854e1-df74-4917-ba7e-ac8dd130f9c9
fbdacc4a-cd0c-43e5-b6a8-6a73dc306c0a	f45554e0-95d1-483f-994c-a0c56617a3e5
fbdacc4a-cd0c-43e5-b6a8-6a73dc306c0a	9c949e7e-3de8-40c0-b5c1-64324be33389
8d06caa8-a3a3-4d32-ba27-0e5aa7c5b225	3a0854e1-df74-4917-ba7e-ac8dd130f9c9
8d06caa8-a3a3-4d32-ba27-0e5aa7c5b225	f45554e0-95d1-483f-994c-a0c56617a3e5
40d8ec98-78fc-4890-a36d-92e05789abe1	f45554e0-95d1-483f-994c-a0c56617a3e5
40d8ec98-78fc-4890-a36d-92e05789abe1	950a4d02-4c52-49cf-992f-18f13e551abb
3a1e7a61-ceae-49ec-a25b-587dd38a2abd	f45554e0-95d1-483f-994c-a0c56617a3e5
3a1e7a61-ceae-49ec-a25b-587dd38a2abd	da88ba55-8d28-4362-ade6-5be4e1da2033
24b02155-5af0-4926-9afc-685b01d1c21c	3a0854e1-df74-4917-ba7e-ac8dd130f9c9
24b02155-5af0-4926-9afc-685b01d1c21c	0999254b-81b3-4933-b12a-ffe52fa992fc
24b02155-5af0-4926-9afc-685b01d1c21c	9c949e7e-3de8-40c0-b5c1-64324be33389
6b06f82b-cd56-4607-8b42-3430950c1b98	3a0854e1-df74-4917-ba7e-ac8dd130f9c9
6b06f82b-cd56-4607-8b42-3430950c1b98	f45554e0-95d1-483f-994c-a0c56617a3e5
bf964083-f612-4b66-b53b-3ed6b302e378	cb5da69a-ea67-4bdd-b69c-191f46209cf3
bf964083-f612-4b66-b53b-3ed6b302e378	3a0854e1-df74-4917-ba7e-ac8dd130f9c9
d023a657-ed6a-4f35-9cd2-61ab0db29a55	424e6e69-4943-48dd-8da2-d19d25249cde
1ffbc0e4-a1e2-40fd-94c4-bbeb975b2abf	e757d51a-ef5e-4bc6-a3e1-ede4290fe0c1
a2eed67b-483f-40a2-8bb8-f8b099a0de1b	f45554e0-95d1-483f-994c-a0c56617a3e5
a2eed67b-483f-40a2-8bb8-f8b099a0de1b	9c949e7e-3de8-40c0-b5c1-64324be33389
4b36b075-4c90-4b73-b02d-b28cc2a24d33	3a0854e1-df74-4917-ba7e-ac8dd130f9c9
3c81fced-d5bc-44ac-a269-e61089583b31	424e6e69-4943-48dd-8da2-d19d25249cde
503a662e-59aa-4f06-b0fd-8e943f4a1c7b	3a0854e1-df74-4917-ba7e-ac8dd130f9c9
2ce2d00d-223b-4fbb-b53f-0cfbb16dd8fd	bfd58c77-0f31-4025-b344-9fbce15cb362
2ce2d00d-223b-4fbb-b53f-0cfbb16dd8fd	f45554e0-95d1-483f-994c-a0c56617a3e5
915995b7-1346-4b89-b4c9-b3ee891cbd42	f45554e0-95d1-483f-994c-a0c56617a3e5
915995b7-1346-4b89-b4c9-b3ee891cbd42	e757d51a-ef5e-4bc6-a3e1-ede4290fe0c1
37f2f428-8421-41c3-b098-eba8c22a0f28	3a0854e1-df74-4917-ba7e-ac8dd130f9c9
b65a6368-35dd-4594-b5bb-ee7ba7d82684	3a0854e1-df74-4917-ba7e-ac8dd130f9c9
b65a6368-35dd-4594-b5bb-ee7ba7d82684	9c949e7e-3de8-40c0-b5c1-64324be33389
b757dbf9-6423-431f-abb6-a52340f9225f	e2e6be8d-80c4-454e-977a-14b5f92c2502
b757dbf9-6423-431f-abb6-a52340f9225f	f45554e0-95d1-483f-994c-a0c56617a3e5
b757dbf9-6423-431f-abb6-a52340f9225f	950a4d02-4c52-49cf-992f-18f13e551abb
8799941f-1363-4638-b644-7effec9a9ee8	e2e6be8d-80c4-454e-977a-14b5f92c2502
8799941f-1363-4638-b644-7effec9a9ee8	3a0854e1-df74-4917-ba7e-ac8dd130f9c9
8799941f-1363-4638-b644-7effec9a9ee8	f45554e0-95d1-483f-994c-a0c56617a3e5
8799941f-1363-4638-b644-7effec9a9ee8	9c949e7e-3de8-40c0-b5c1-64324be33389
95925b20-9040-457d-9477-b2a675b7d18b	e2e6be8d-80c4-454e-977a-14b5f92c2502
95925b20-9040-457d-9477-b2a675b7d18b	f45554e0-95d1-483f-994c-a0c56617a3e5
95925b20-9040-457d-9477-b2a675b7d18b	e757d51a-ef5e-4bc6-a3e1-ede4290fe0c1
1c73e302-d1f1-46f1-af74-58047d82bcc1	e2e6be8d-80c4-454e-977a-14b5f92c2502
1c73e302-d1f1-46f1-af74-58047d82bcc1	da88ba55-8d28-4362-ade6-5be4e1da2033
1c73e302-d1f1-46f1-af74-58047d82bcc1	950a4d02-4c52-49cf-992f-18f13e551abb
930d03c8-0e43-4ff7-b58f-5162c3690bbf	3a0854e1-df74-4917-ba7e-ac8dd130f9c9
e09450e3-33d0-480c-989c-7db62447e905	e757d51a-ef5e-4bc6-a3e1-ede4290fe0c1
aa77ae6c-7c2e-482e-883e-564e428a7dbc	3a0854e1-df74-4917-ba7e-ac8dd130f9c9
66ef82fc-8993-4721-ae32-2a6510823abb	bfd58c77-0f31-4025-b344-9fbce15cb362
66ef82fc-8993-4721-ae32-2a6510823abb	f45554e0-95d1-483f-994c-a0c56617a3e5
66ef82fc-8993-4721-ae32-2a6510823abb	950a4d02-4c52-49cf-992f-18f13e551abb
874c1a52-2ca4-46fc-8469-27caf581214e	3a0854e1-df74-4917-ba7e-ac8dd130f9c9
c47a58a3-88b6-49ba-ad54-93817ba2f205	0999254b-81b3-4933-b12a-ffe52fa992fc
3e99267e-5579-41ec-97c4-ec36770259df	424e6e69-4943-48dd-8da2-d19d25249cde
d9e9180a-cbdb-4066-bfc4-edb7a51e2209	424e6e69-4943-48dd-8da2-d19d25249cde
86ef269d-b0e1-42a4-83fa-eb644283b619	f45554e0-95d1-483f-994c-a0c56617a3e5
dc2c1a2c-cc1d-4578-accc-486da2360eb7	f45554e0-95d1-483f-994c-a0c56617a3e5
dc2c1a2c-cc1d-4578-accc-486da2360eb7	9c949e7e-3de8-40c0-b5c1-64324be33389
b3c34bff-9f24-4b0b-bfe9-c4767e015a5a	cb5da69a-ea67-4bdd-b69c-191f46209cf3
b3c34bff-9f24-4b0b-bfe9-c4767e015a5a	f45554e0-95d1-483f-994c-a0c56617a3e5
b3c34bff-9f24-4b0b-bfe9-c4767e015a5a	e6ce39a2-4d09-47fd-adf6-9fae16c6eedc
e3e56586-570b-447e-a36c-df2713b4a5ae	f45554e0-95d1-483f-994c-a0c56617a3e5
e3e56586-570b-447e-a36c-df2713b4a5ae	9c949e7e-3de8-40c0-b5c1-64324be33389
8aca1389-56b1-4a35-911b-f12e112b2cda	f45554e0-95d1-483f-994c-a0c56617a3e5
436b8943-925a-428b-a880-79a4edc142ec	3a0854e1-df74-4917-ba7e-ac8dd130f9c9
436b8943-925a-428b-a880-79a4edc142ec	a6f9afe2-c38d-4afd-91a6-0d0508cce315
ecf065a9-0999-404c-82b4-7904b6dd1c30	f45554e0-95d1-483f-994c-a0c56617a3e5
00676704-7f2e-4975-8889-4fdb1ed16411	f45554e0-95d1-483f-994c-a0c56617a3e5
00676704-7f2e-4975-8889-4fdb1ed16411	e6ce39a2-4d09-47fd-adf6-9fae16c6eedc
bcf557fb-5080-46c7-8881-5b0cf21c968d	cb5da69a-ea67-4bdd-b69c-191f46209cf3
bcf557fb-5080-46c7-8881-5b0cf21c968d	e2e6be8d-80c4-454e-977a-14b5f92c2502
bcf557fb-5080-46c7-8881-5b0cf21c968d	f573ecd9-db92-4a66-8760-c01d9110a448
0392f238-35f6-45c8-9119-cf05003aa4b3	e2e6be8d-80c4-454e-977a-14b5f92c2502
0392f238-35f6-45c8-9119-cf05003aa4b3	3a0854e1-df74-4917-ba7e-ac8dd130f9c9
0392f238-35f6-45c8-9119-cf05003aa4b3	f45554e0-95d1-483f-994c-a0c56617a3e5
4fcb49a1-bce5-4ae1-969d-4aa43db8c799	424e6e69-4943-48dd-8da2-d19d25249cde
e852627d-00b5-4986-bed7-b4b10fb3041f	f45554e0-95d1-483f-994c-a0c56617a3e5
e852627d-00b5-4986-bed7-b4b10fb3041f	950a4d02-4c52-49cf-992f-18f13e551abb
549936c9-d53b-4049-a324-5c2c82db970a	3a0854e1-df74-4917-ba7e-ac8dd130f9c9
3749bc83-37c9-4e47-957c-3bfe6abdec29	cb5da69a-ea67-4bdd-b69c-191f46209cf3
3749bc83-37c9-4e47-957c-3bfe6abdec29	3a0854e1-df74-4917-ba7e-ac8dd130f9c9
8a899176-7705-4b7a-857c-6fdcab6c2e85	a6f9afe2-c38d-4afd-91a6-0d0508cce315
8a899176-7705-4b7a-857c-6fdcab6c2e85	950a4d02-4c52-49cf-992f-18f13e551abb
7de03a93-1f73-4e63-b22d-4c9a2283b38f	e757d51a-ef5e-4bc6-a3e1-ede4290fe0c1
09924548-6c75-4722-b62d-dd61e194d023	f45554e0-95d1-483f-994c-a0c56617a3e5
a4d41b2e-1a98-40cb-9d5b-a0815d4672cb	e2e6be8d-80c4-454e-977a-14b5f92c2502
a4d41b2e-1a98-40cb-9d5b-a0815d4672cb	3a0854e1-df74-4917-ba7e-ac8dd130f9c9
a4d41b2e-1a98-40cb-9d5b-a0815d4672cb	f45554e0-95d1-483f-994c-a0c56617a3e5
a4d41b2e-1a98-40cb-9d5b-a0815d4672cb	da88ba55-8d28-4362-ade6-5be4e1da2033
d8584a76-8416-4a66-aac0-bfac20ea0088	89e240be-943e-4198-8635-20359aed73c7
d8584a76-8416-4a66-aac0-bfac20ea0088	3a0854e1-df74-4917-ba7e-ac8dd130f9c9
1c340195-6d73-42ef-bfca-5d2c864c92b1	f45554e0-95d1-483f-994c-a0c56617a3e5
1daeb2f4-2a2f-46aa-985b-dcdd15b19be9	f45554e0-95d1-483f-994c-a0c56617a3e5
1daeb2f4-2a2f-46aa-985b-dcdd15b19be9	9c949e7e-3de8-40c0-b5c1-64324be33389
e08bcbc6-1ab9-4604-8413-395e7e3a09d9	f45554e0-95d1-483f-994c-a0c56617a3e5
c81fa745-5a01-4219-ba3d-c98f02ef4472	bfd58c77-0f31-4025-b344-9fbce15cb362
c81fa745-5a01-4219-ba3d-c98f02ef4472	caaf1b46-dd86-4047-b2c6-ecdebfcfa94c
c81fa745-5a01-4219-ba3d-c98f02ef4472	950a4d02-4c52-49cf-992f-18f13e551abb
83d28117-14c3-41d9-b163-7cd198b8c808	3a0854e1-df74-4917-ba7e-ac8dd130f9c9
83d28117-14c3-41d9-b163-7cd198b8c808	f45554e0-95d1-483f-994c-a0c56617a3e5
83d28117-14c3-41d9-b163-7cd198b8c808	9c949e7e-3de8-40c0-b5c1-64324be33389
20020b13-fdde-4a15-bb73-303b61e21de8	f45554e0-95d1-483f-994c-a0c56617a3e5
3d404f11-7c39-41c8-bc86-c0020cc8722f	f45554e0-95d1-483f-994c-a0c56617a3e5
0bc7e5ee-cc40-45ad-b64c-6660b0c28e54	f45554e0-95d1-483f-994c-a0c56617a3e5
0bc7e5ee-cc40-45ad-b64c-6660b0c28e54	950a4d02-4c52-49cf-992f-18f13e551abb
0ce0b48d-876f-4e88-ab0d-c2fa8bec525b	cb5da69a-ea67-4bdd-b69c-191f46209cf3
0ce0b48d-876f-4e88-ab0d-c2fa8bec525b	f45554e0-95d1-483f-994c-a0c56617a3e5
0ce0b48d-876f-4e88-ab0d-c2fa8bec525b	e6ce39a2-4d09-47fd-adf6-9fae16c6eedc
a3e0b033-6693-422e-9d77-7560e9767dd5	f45554e0-95d1-483f-994c-a0c56617a3e5
a3e0b033-6693-422e-9d77-7560e9767dd5	9c949e7e-3de8-40c0-b5c1-64324be33389
39c11beb-4ba3-40ef-a9ba-0b744e43e24f	e757d51a-ef5e-4bc6-a3e1-ede4290fe0c1
5ed5801e-2a95-4b18-8f34-a38941a13f2f	f573ecd9-db92-4a66-8760-c01d9110a448
5ed5801e-2a95-4b18-8f34-a38941a13f2f	89e240be-943e-4198-8635-20359aed73c7
0ed9fd7e-c203-4964-8961-4a70c09a7ae1	f45554e0-95d1-483f-994c-a0c56617a3e5
f6b167fb-0545-4425-bcfe-43a37a7affb3	f45554e0-95d1-483f-994c-a0c56617a3e5
1e0aa8c2-982f-409c-b3cc-7989c77fd76b	cb5da69a-ea67-4bdd-b69c-191f46209cf3
1e0aa8c2-982f-409c-b3cc-7989c77fd76b	caaf1b46-dd86-4047-b2c6-ecdebfcfa94c
1e0aa8c2-982f-409c-b3cc-7989c77fd76b	950a4d02-4c52-49cf-992f-18f13e551abb
7f0a3d93-6c50-4425-a03b-ba45ebab3809	cb5da69a-ea67-4bdd-b69c-191f46209cf3
7f0a3d93-6c50-4425-a03b-ba45ebab3809	e2e6be8d-80c4-454e-977a-14b5f92c2502
78e3318d-b295-42d3-8aed-e3a4007f6ee6	e757d51a-ef5e-4bc6-a3e1-ede4290fe0c1
fe178e90-c9c5-4141-9e17-d68b4f4ac1e6	3a0854e1-df74-4917-ba7e-ac8dd130f9c9
fe178e90-c9c5-4141-9e17-d68b4f4ac1e6	f45554e0-95d1-483f-994c-a0c56617a3e5
567d675b-3d09-490c-9ae9-7c5e937e1f67	3a0854e1-df74-4917-ba7e-ac8dd130f9c9
567d675b-3d09-490c-9ae9-7c5e937e1f67	f45554e0-95d1-483f-994c-a0c56617a3e5
060c96d2-19c1-4ed5-80e2-fd692dadc4d4	e2e6be8d-80c4-454e-977a-14b5f92c2502
060c96d2-19c1-4ed5-80e2-fd692dadc4d4	89e240be-943e-4198-8635-20359aed73c7
060c96d2-19c1-4ed5-80e2-fd692dadc4d4	da88ba55-8d28-4362-ade6-5be4e1da2033
060c96d2-19c1-4ed5-80e2-fd692dadc4d4	a6f9afe2-c38d-4afd-91a6-0d0508cce315
f089fe9c-9faa-49f0-91cb-64373bdefd49	a6f9afe2-c38d-4afd-91a6-0d0508cce315
6410873c-46d3-4332-b911-0b9c08cda88d	f45554e0-95d1-483f-994c-a0c56617a3e5
6410873c-46d3-4332-b911-0b9c08cda88d	e757d51a-ef5e-4bc6-a3e1-ede4290fe0c1
55b92a14-e571-4cef-b41f-c04851602b3d	3a0854e1-df74-4917-ba7e-ac8dd130f9c9
55b92a14-e571-4cef-b41f-c04851602b3d	f45554e0-95d1-483f-994c-a0c56617a3e5
55b92a14-e571-4cef-b41f-c04851602b3d	9c949e7e-3de8-40c0-b5c1-64324be33389
1fa51aea-9752-447d-8006-54818685339c	3a0854e1-df74-4917-ba7e-ac8dd130f9c9
1fa51aea-9752-447d-8006-54818685339c	bfd58c77-0f31-4025-b344-9fbce15cb362
9d984471-e648-4e31-aff7-96d9c4e561f7	bfd58c77-0f31-4025-b344-9fbce15cb362
9d984471-e648-4e31-aff7-96d9c4e561f7	f45554e0-95d1-483f-994c-a0c56617a3e5
9d984471-e648-4e31-aff7-96d9c4e561f7	e757d51a-ef5e-4bc6-a3e1-ede4290fe0c1
9d984471-e648-4e31-aff7-96d9c4e561f7	950a4d02-4c52-49cf-992f-18f13e551abb
502a3a6b-b4d3-4db2-ab9a-98da371d8e7c	e757d51a-ef5e-4bc6-a3e1-ede4290fe0c1
502a3a6b-b4d3-4db2-ab9a-98da371d8e7c	950a4d02-4c52-49cf-992f-18f13e551abb
01aa1a91-dc35-4564-a653-f367efcc1b6b	3a0854e1-df74-4917-ba7e-ac8dd130f9c9
c8ead579-562e-457a-a0a1-ba30af0b00f3	bfd58c77-0f31-4025-b344-9fbce15cb362
c8ead579-562e-457a-a0a1-ba30af0b00f3	f45554e0-95d1-483f-994c-a0c56617a3e5
c8ead579-562e-457a-a0a1-ba30af0b00f3	950a4d02-4c52-49cf-992f-18f13e551abb
80039552-72b0-4a5c-aed8-2e6d4541ad1c	e2e6be8d-80c4-454e-977a-14b5f92c2502
80039552-72b0-4a5c-aed8-2e6d4541ad1c	3a0854e1-df74-4917-ba7e-ac8dd130f9c9
ebeca262-b303-4372-a946-777b4ee941e8	e2e6be8d-80c4-454e-977a-14b5f92c2502
ebeca262-b303-4372-a946-777b4ee941e8	f45554e0-95d1-483f-994c-a0c56617a3e5
ebeca262-b303-4372-a946-777b4ee941e8	a6f9afe2-c38d-4afd-91a6-0d0508cce315
74afa887-9be2-4e41-a5b6-9e767fc2f034	f45554e0-95d1-483f-994c-a0c56617a3e5
8c312c71-3529-4051-b02a-1ebd10978e23	cb5da69a-ea67-4bdd-b69c-191f46209cf3
8c312c71-3529-4051-b02a-1ebd10978e23	e53ad64d-1476-428a-95d0-b2bfee89095d
8c312c71-3529-4051-b02a-1ebd10978e23	950a4d02-4c52-49cf-992f-18f13e551abb
d37ade37-46a8-4685-95e1-b884ce0a80d0	3a0854e1-df74-4917-ba7e-ac8dd130f9c9
d6a5c062-2fdf-4676-93ad-965c9eceec2c	da88ba55-8d28-4362-ade6-5be4e1da2033
d6a5c062-2fdf-4676-93ad-965c9eceec2c	a6f9afe2-c38d-4afd-91a6-0d0508cce315
443f2291-aac8-49a7-afed-cb9993a1e46f	89e240be-943e-4198-8635-20359aed73c7
443f2291-aac8-49a7-afed-cb9993a1e46f	3a0854e1-df74-4917-ba7e-ac8dd130f9c9
443f2291-aac8-49a7-afed-cb9993a1e46f	f45554e0-95d1-483f-994c-a0c56617a3e5
29c57182-8a65-4515-a844-6eb1587a7259	3a0854e1-df74-4917-ba7e-ac8dd130f9c9
2938acd1-55c2-4962-9dea-20dca81060a6	f45554e0-95d1-483f-994c-a0c56617a3e5
19971272-0078-4504-8dee-2886ca006447	f45554e0-95d1-483f-994c-a0c56617a3e5
19971272-0078-4504-8dee-2886ca006447	9c949e7e-3de8-40c0-b5c1-64324be33389
b26aa62a-8433-4e0e-aa79-4eab95bb40fe	cb5da69a-ea67-4bdd-b69c-191f46209cf3
b26aa62a-8433-4e0e-aa79-4eab95bb40fe	950a4d02-4c52-49cf-992f-18f13e551abb
1a6b5a2b-6625-4074-829d-dfb6a0ca6392	424e6e69-4943-48dd-8da2-d19d25249cde
1a6b5a2b-6625-4074-829d-dfb6a0ca6392	e6ce39a2-4d09-47fd-adf6-9fae16c6eedc
e99ea69d-e913-4d76-8101-46b66266cd7c	ae6d98bb-cd0d-4526-b4e5-83f2a63096fa
a660114c-4583-4ace-849b-b0a0e9cd7e00	f45554e0-95d1-483f-994c-a0c56617a3e5
a660114c-4583-4ace-849b-b0a0e9cd7e00	9c949e7e-3de8-40c0-b5c1-64324be33389
7b52bc5f-9240-483a-9a8d-8bdd5f14f8a4	f45554e0-95d1-483f-994c-a0c56617a3e5
4cef6fd6-521e-4c23-bfd6-d104f53aa768	bfd58c77-0f31-4025-b344-9fbce15cb362
4cef6fd6-521e-4c23-bfd6-d104f53aa768	950a4d02-4c52-49cf-992f-18f13e551abb
bfb93c7c-38ac-4733-84a1-30e9d956a68b	3a0854e1-df74-4917-ba7e-ac8dd130f9c9
5fc9be39-5ff4-4590-827f-fa3ccab65fb5	f45554e0-95d1-483f-994c-a0c56617a3e5
4c0ccbd6-051e-4596-9149-b6864b2a5447	950a4d02-4c52-49cf-992f-18f13e551abb
7e60c9bd-0090-45a4-b58f-6064158e0fd7	3a0854e1-df74-4917-ba7e-ac8dd130f9c9
7e60c9bd-0090-45a4-b58f-6064158e0fd7	da88ba55-8d28-4362-ade6-5be4e1da2033
7e60c9bd-0090-45a4-b58f-6064158e0fd7	9c949e7e-3de8-40c0-b5c1-64324be33389
7ac810a7-8f78-4997-b326-379a42b33d27	f45554e0-95d1-483f-994c-a0c56617a3e5
95fc4b9b-83a4-4491-9c7e-cedfd94f0272	e757d51a-ef5e-4bc6-a3e1-ede4290fe0c1
540fe17b-97b4-40b1-86b6-feb9a92abbef	cb5da69a-ea67-4bdd-b69c-191f46209cf3
540fe17b-97b4-40b1-86b6-feb9a92abbef	bfd58c77-0f31-4025-b344-9fbce15cb362
540fe17b-97b4-40b1-86b6-feb9a92abbef	950a4d02-4c52-49cf-992f-18f13e551abb
9c0f67ea-4ec5-406f-ab80-ddbef60b015c	f45554e0-95d1-483f-994c-a0c56617a3e5
9c0f67ea-4ec5-406f-ab80-ddbef60b015c	9c949e7e-3de8-40c0-b5c1-64324be33389
2870261d-7dce-43bb-b9bc-99fc91ae58c1	cb5da69a-ea67-4bdd-b69c-191f46209cf3
2870261d-7dce-43bb-b9bc-99fc91ae58c1	f45554e0-95d1-483f-994c-a0c56617a3e5
2870261d-7dce-43bb-b9bc-99fc91ae58c1	e757d51a-ef5e-4bc6-a3e1-ede4290fe0c1
2870261d-7dce-43bb-b9bc-99fc91ae58c1	a6f9afe2-c38d-4afd-91a6-0d0508cce315
2870261d-7dce-43bb-b9bc-99fc91ae58c1	950a4d02-4c52-49cf-992f-18f13e551abb
51ab8295-019b-49c9-b648-ce7aa4babf1b	e2e6be8d-80c4-454e-977a-14b5f92c2502
51ab8295-019b-49c9-b648-ce7aa4babf1b	f573ecd9-db92-4a66-8760-c01d9110a448
51ab8295-019b-49c9-b648-ce7aa4babf1b	3a0854e1-df74-4917-ba7e-ac8dd130f9c9
3fa2f24f-7efb-4554-96c7-f3d8e0b597cb	3a0854e1-df74-4917-ba7e-ac8dd130f9c9
3fa2f24f-7efb-4554-96c7-f3d8e0b597cb	9c949e7e-3de8-40c0-b5c1-64324be33389
ef15d941-ae48-4ff3-a967-eff981349d14	f45554e0-95d1-483f-994c-a0c56617a3e5
ef15d941-ae48-4ff3-a967-eff981349d14	e6ce39a2-4d09-47fd-adf6-9fae16c6eedc
844b1611-970f-45ed-b525-687bca590515	f45554e0-95d1-483f-994c-a0c56617a3e5
5bacb64d-7e5f-4aee-94a3-ec952ea16309	f45554e0-95d1-483f-994c-a0c56617a3e5
5bacb64d-7e5f-4aee-94a3-ec952ea16309	9c949e7e-3de8-40c0-b5c1-64324be33389
5bacb64d-7e5f-4aee-94a3-ec952ea16309	ae6d98bb-cd0d-4526-b4e5-83f2a63096fa
013bfafe-d30e-42ab-a7db-9d9d88745696	f45554e0-95d1-483f-994c-a0c56617a3e5
013bfafe-d30e-42ab-a7db-9d9d88745696	caaf1b46-dd86-4047-b2c6-ecdebfcfa94c
013bfafe-d30e-42ab-a7db-9d9d88745696	9c949e7e-3de8-40c0-b5c1-64324be33389
48d1c858-9726-40eb-94b7-c4a7cc9cd466	bfd58c77-0f31-4025-b344-9fbce15cb362
48d1c858-9726-40eb-94b7-c4a7cc9cd466	f45554e0-95d1-483f-994c-a0c56617a3e5
675607a7-e3de-452b-8358-89c9e9504884	e757d51a-ef5e-4bc6-a3e1-ede4290fe0c1
293b8077-c2a6-4e1d-a30e-b3bec785eb77	f45554e0-95d1-483f-994c-a0c56617a3e5
03c775b4-2020-4707-927c-e6634d74eb55	3a0854e1-df74-4917-ba7e-ac8dd130f9c9
03c775b4-2020-4707-927c-e6634d74eb55	ae6d98bb-cd0d-4526-b4e5-83f2a63096fa
61a586a5-bdc0-495e-9639-da631e0285b5	a6f9afe2-c38d-4afd-91a6-0d0508cce315
61a586a5-bdc0-495e-9639-da631e0285b5	950a4d02-4c52-49cf-992f-18f13e551abb
a8828497-83a1-4719-9671-3688ecd5661c	424e6e69-4943-48dd-8da2-d19d25249cde
a8828497-83a1-4719-9671-3688ecd5661c	0999254b-81b3-4933-b12a-ffe52fa992fc
729e89a8-9ffc-4765-891d-4ad25e5cd1bb	f45554e0-95d1-483f-994c-a0c56617a3e5
30b9ca4e-fb02-4da2-9496-8e13dc4df75a	e757d51a-ef5e-4bc6-a3e1-ede4290fe0c1
30b9ca4e-fb02-4da2-9496-8e13dc4df75a	a6f9afe2-c38d-4afd-91a6-0d0508cce315
37f3b642-b656-438d-b482-dd928da464cf	e757d51a-ef5e-4bc6-a3e1-ede4290fe0c1
8b4d74c6-417a-4a15-b9ea-011074ad56a2	3a0854e1-df74-4917-ba7e-ac8dd130f9c9
0ed43911-3173-4b40-8f66-90182098297e	cb5da69a-ea67-4bdd-b69c-191f46209cf3
0ed43911-3173-4b40-8f66-90182098297e	3a0854e1-df74-4917-ba7e-ac8dd130f9c9
0ed43911-3173-4b40-8f66-90182098297e	9c949e7e-3de8-40c0-b5c1-64324be33389
69eee010-9b26-43be-97f3-31eb335a7bde	f45554e0-95d1-483f-994c-a0c56617a3e5
4ab4a56e-1859-4e81-bde3-de1ed8b55e53	3a0854e1-df74-4917-ba7e-ac8dd130f9c9
4ab4a56e-1859-4e81-bde3-de1ed8b55e53	9c949e7e-3de8-40c0-b5c1-64324be33389
a11edd7e-c90b-4817-b985-20760f2697a4	424e6e69-4943-48dd-8da2-d19d25249cde
ed3f930a-6a00-4ef7-8f20-9457dbd9ee42	e757d51a-ef5e-4bc6-a3e1-ede4290fe0c1
ed3f930a-6a00-4ef7-8f20-9457dbd9ee42	caaf1b46-dd86-4047-b2c6-ecdebfcfa94c
ed3f930a-6a00-4ef7-8f20-9457dbd9ee42	950a4d02-4c52-49cf-992f-18f13e551abb
93b16083-8bd7-432b-8ef3-28408979832c	f45554e0-95d1-483f-994c-a0c56617a3e5
93b16083-8bd7-432b-8ef3-28408979832c	ae6d98bb-cd0d-4526-b4e5-83f2a63096fa
981dbe9a-856c-40d0-827e-f715d6b6d8c0	f45554e0-95d1-483f-994c-a0c56617a3e5
41db91f2-310d-45a6-b6a8-91c78b615fa2	f573ecd9-db92-4a66-8760-c01d9110a448
41db91f2-310d-45a6-b6a8-91c78b615fa2	89e240be-943e-4198-8635-20359aed73c7
3b86372d-cbb2-4cf4-9998-9d83b22f9890	f573ecd9-db92-4a66-8760-c01d9110a448
3b86372d-cbb2-4cf4-9998-9d83b22f9890	89e240be-943e-4198-8635-20359aed73c7
3b86372d-cbb2-4cf4-9998-9d83b22f9890	3a0854e1-df74-4917-ba7e-ac8dd130f9c9
3b86372d-cbb2-4cf4-9998-9d83b22f9890	0999254b-81b3-4933-b12a-ffe52fa992fc
06140507-7303-4fd8-a197-5be02a4d3e60	f45554e0-95d1-483f-994c-a0c56617a3e5
06140507-7303-4fd8-a197-5be02a4d3e60	9c949e7e-3de8-40c0-b5c1-64324be33389
f70a8ce0-3f54-4b3b-94ca-603b274839d5	424e6e69-4943-48dd-8da2-d19d25249cde
3baa4894-122e-4f39-840d-edde441e5d0a	f573ecd9-db92-4a66-8760-c01d9110a448
25976a93-bb90-4ccc-8bdd-fd8fcad99521	3a0854e1-df74-4917-ba7e-ac8dd130f9c9
25976a93-bb90-4ccc-8bdd-fd8fcad99521	e757d51a-ef5e-4bc6-a3e1-ede4290fe0c1
fcae82df-a181-40d2-847f-4ce9efe0bdb0	f45554e0-95d1-483f-994c-a0c56617a3e5
3343dd62-421d-4932-90fe-b9fe27e6f0a4	cb5da69a-ea67-4bdd-b69c-191f46209cf3
3343dd62-421d-4932-90fe-b9fe27e6f0a4	e2e6be8d-80c4-454e-977a-14b5f92c2502
3343dd62-421d-4932-90fe-b9fe27e6f0a4	3a0854e1-df74-4917-ba7e-ac8dd130f9c9
3343dd62-421d-4932-90fe-b9fe27e6f0a4	ae6d98bb-cd0d-4526-b4e5-83f2a63096fa
d8fd1261-12e9-4a50-a57c-bc1e8106e7a7	f45554e0-95d1-483f-994c-a0c56617a3e5
d8fd1261-12e9-4a50-a57c-bc1e8106e7a7	0999254b-81b3-4933-b12a-ffe52fa992fc
f5bcef4d-e0e8-4b39-9b8f-e77b1666fd09	3a0854e1-df74-4917-ba7e-ac8dd130f9c9
f5bcef4d-e0e8-4b39-9b8f-e77b1666fd09	e757d51a-ef5e-4bc6-a3e1-ede4290fe0c1
fc219aa5-a1f7-4b37-ad65-1e3635c89d7e	f45554e0-95d1-483f-994c-a0c56617a3e5
fc219aa5-a1f7-4b37-ad65-1e3635c89d7e	ae6d98bb-cd0d-4526-b4e5-83f2a63096fa
0229101a-5a05-4643-9146-a568dd8857b7	cb5da69a-ea67-4bdd-b69c-191f46209cf3
0229101a-5a05-4643-9146-a568dd8857b7	e2e6be8d-80c4-454e-977a-14b5f92c2502
0229101a-5a05-4643-9146-a568dd8857b7	a6f9afe2-c38d-4afd-91a6-0d0508cce315
0229101a-5a05-4643-9146-a568dd8857b7	89a4409b-5bf0-4825-83e6-cc5549264484
08564075-c3e1-46a1-a84b-63f37f10c3c3	f45554e0-95d1-483f-994c-a0c56617a3e5
08564075-c3e1-46a1-a84b-63f37f10c3c3	9c949e7e-3de8-40c0-b5c1-64324be33389
08564075-c3e1-46a1-a84b-63f37f10c3c3	950a4d02-4c52-49cf-992f-18f13e551abb
66c57935-7358-4091-809b-a619c195ba6f	cb5da69a-ea67-4bdd-b69c-191f46209cf3
66c57935-7358-4091-809b-a619c195ba6f	3a0854e1-df74-4917-ba7e-ac8dd130f9c9
e1f53b3f-b426-4d41-93a9-58254b161e91	cb5da69a-ea67-4bdd-b69c-191f46209cf3
804b1c12-2a22-41dc-8222-5a3e13ce52ae	f45554e0-95d1-483f-994c-a0c56617a3e5
804b1c12-2a22-41dc-8222-5a3e13ce52ae	9c949e7e-3de8-40c0-b5c1-64324be33389
380e47ac-a69f-4bc5-a2a0-90b708568450	e757d51a-ef5e-4bc6-a3e1-ede4290fe0c1
380e47ac-a69f-4bc5-a2a0-90b708568450	950a4d02-4c52-49cf-992f-18f13e551abb
9838be0c-4c77-47ac-876e-fd555f8c9393	e2e6be8d-80c4-454e-977a-14b5f92c2502
9838be0c-4c77-47ac-876e-fd555f8c9393	89e240be-943e-4198-8635-20359aed73c7
9838be0c-4c77-47ac-876e-fd555f8c9393	da88ba55-8d28-4362-ade6-5be4e1da2033
6210c210-e303-4869-8bb1-5b9450f33f06	f45554e0-95d1-483f-994c-a0c56617a3e5
6210c210-e303-4869-8bb1-5b9450f33f06	9c949e7e-3de8-40c0-b5c1-64324be33389
1d9ac82b-6bb4-415f-a3d7-0badb314086e	f45554e0-95d1-483f-994c-a0c56617a3e5
01d22ffd-96d7-41e6-8658-1e4b88895adc	e757d51a-ef5e-4bc6-a3e1-ede4290fe0c1
188cc4d9-4f0c-4d43-ab57-b479f2cf1010	3a0854e1-df74-4917-ba7e-ac8dd130f9c9
72b0006d-3d23-4614-b2a8-367f273d6386	f45554e0-95d1-483f-994c-a0c56617a3e5
72b0006d-3d23-4614-b2a8-367f273d6386	9c949e7e-3de8-40c0-b5c1-64324be33389
6e4fa819-3c02-4de3-9c40-48d1d3095424	f45554e0-95d1-483f-994c-a0c56617a3e5
6e4fa819-3c02-4de3-9c40-48d1d3095424	e757d51a-ef5e-4bc6-a3e1-ede4290fe0c1
6e4fa819-3c02-4de3-9c40-48d1d3095424	a6f9afe2-c38d-4afd-91a6-0d0508cce315
6e4fa819-3c02-4de3-9c40-48d1d3095424	950a4d02-4c52-49cf-992f-18f13e551abb
44a26087-81b1-45d2-b233-4fb5cd139ace	f573ecd9-db92-4a66-8760-c01d9110a448
44a26087-81b1-45d2-b233-4fb5cd139ace	89e240be-943e-4198-8635-20359aed73c7
44a26087-81b1-45d2-b233-4fb5cd139ace	da88ba55-8d28-4362-ade6-5be4e1da2033
44a26087-81b1-45d2-b233-4fb5cd139ace	0999254b-81b3-4933-b12a-ffe52fa992fc
44a26087-81b1-45d2-b233-4fb5cd139ace	9c949e7e-3de8-40c0-b5c1-64324be33389
09213857-2268-47f7-9780-7a0b8de34de6	cb5da69a-ea67-4bdd-b69c-191f46209cf3
09213857-2268-47f7-9780-7a0b8de34de6	e2e6be8d-80c4-454e-977a-14b5f92c2502
09213857-2268-47f7-9780-7a0b8de34de6	3a0854e1-df74-4917-ba7e-ac8dd130f9c9
08e8edc6-09dd-4750-9f02-02c1b6dac292	3a0854e1-df74-4917-ba7e-ac8dd130f9c9
08e8edc6-09dd-4750-9f02-02c1b6dac292	f45554e0-95d1-483f-994c-a0c56617a3e5
08e8edc6-09dd-4750-9f02-02c1b6dac292	9c949e7e-3de8-40c0-b5c1-64324be33389
f9ca839f-c589-4340-8f4a-67a5afa5deb2	cb5da69a-ea67-4bdd-b69c-191f46209cf3
f9ca839f-c589-4340-8f4a-67a5afa5deb2	f573ecd9-db92-4a66-8760-c01d9110a448
f9ca839f-c589-4340-8f4a-67a5afa5deb2	bfd58c77-0f31-4025-b344-9fbce15cb362
28eb0d3a-79a4-4b19-86db-002f6e65f9b6	3a0854e1-df74-4917-ba7e-ac8dd130f9c9
f55627eb-93da-475c-bf7f-399ea5c281d5	89e240be-943e-4198-8635-20359aed73c7
f55627eb-93da-475c-bf7f-399ea5c281d5	3a0854e1-df74-4917-ba7e-ac8dd130f9c9
2bffe691-2b89-407a-96de-a5469b5d9cc0	f45554e0-95d1-483f-994c-a0c56617a3e5
1c525cbf-93c5-423a-8450-ecbafa1aa27d	424e6e69-4943-48dd-8da2-d19d25249cde
5385c539-2a2e-48f5-a7a9-93a920712b26	f45554e0-95d1-483f-994c-a0c56617a3e5
10a8dde1-8110-4b6f-aa8b-3a25ea7a8a4d	f45554e0-95d1-483f-994c-a0c56617a3e5
10a8dde1-8110-4b6f-aa8b-3a25ea7a8a4d	9c949e7e-3de8-40c0-b5c1-64324be33389
c2b23b6d-d835-4e2d-8b92-bd5909fbe46d	3a0854e1-df74-4917-ba7e-ac8dd130f9c9
c2b23b6d-d835-4e2d-8b92-bd5909fbe46d	f45554e0-95d1-483f-994c-a0c56617a3e5
3e8342ca-c7b7-42a2-92b3-2831f4719dfb	f45554e0-95d1-483f-994c-a0c56617a3e5
c52055db-dcff-4422-a766-eb7254516e46	3a0854e1-df74-4917-ba7e-ac8dd130f9c9
c52055db-dcff-4422-a766-eb7254516e46	424e6e69-4943-48dd-8da2-d19d25249cde
a974fd42-d494-48c7-9465-c12b56f8ec80	f45554e0-95d1-483f-994c-a0c56617a3e5
a974fd42-d494-48c7-9465-c12b56f8ec80	e757d51a-ef5e-4bc6-a3e1-ede4290fe0c1
a974fd42-d494-48c7-9465-c12b56f8ec80	caaf1b46-dd86-4047-b2c6-ecdebfcfa94c
4f54c304-1e2e-4015-b3ad-873bb89c51fa	424e6e69-4943-48dd-8da2-d19d25249cde
99645bad-3120-4c26-b3f8-f78d96e95bd9	3a0854e1-df74-4917-ba7e-ac8dd130f9c9
3d6c074d-466a-4c64-9318-a48ee7843106	9c949e7e-3de8-40c0-b5c1-64324be33389
3d6c074d-466a-4c64-9318-a48ee7843106	950a4d02-4c52-49cf-992f-18f13e551abb
bb53f372-9fcf-453d-a23f-d819eed9d658	cb5da69a-ea67-4bdd-b69c-191f46209cf3
bb53f372-9fcf-453d-a23f-d819eed9d658	bfd58c77-0f31-4025-b344-9fbce15cb362
bb53f372-9fcf-453d-a23f-d819eed9d658	950a4d02-4c52-49cf-992f-18f13e551abb
8b5d984a-754c-4281-9215-c702ec775fcd	424e6e69-4943-48dd-8da2-d19d25249cde
781825de-aa77-4582-9cb3-05323a36f5a9	3a0854e1-df74-4917-ba7e-ac8dd130f9c9
781825de-aa77-4582-9cb3-05323a36f5a9	0999254b-81b3-4933-b12a-ffe52fa992fc
781825de-aa77-4582-9cb3-05323a36f5a9	ae6d98bb-cd0d-4526-b4e5-83f2a63096fa
b0807f2d-052b-4348-97bc-29fad65846c9	bfd58c77-0f31-4025-b344-9fbce15cb362
b0807f2d-052b-4348-97bc-29fad65846c9	f45554e0-95d1-483f-994c-a0c56617a3e5
b0807f2d-052b-4348-97bc-29fad65846c9	9c949e7e-3de8-40c0-b5c1-64324be33389
b0807f2d-052b-4348-97bc-29fad65846c9	950a4d02-4c52-49cf-992f-18f13e551abb
e59280de-8664-4f2f-b353-4aa25b849a68	f45554e0-95d1-483f-994c-a0c56617a3e5
b4edab93-9715-4c4f-93b9-0750ec533713	cb5da69a-ea67-4bdd-b69c-191f46209cf3
b4edab93-9715-4c4f-93b9-0750ec533713	3a0854e1-df74-4917-ba7e-ac8dd130f9c9
78804954-6edd-42f1-a5cb-9c60b3c87339	f45554e0-95d1-483f-994c-a0c56617a3e5
51cb06b4-2f66-479d-a2dd-089b3d7b7937	e757d51a-ef5e-4bc6-a3e1-ede4290fe0c1
51cb06b4-2f66-479d-a2dd-089b3d7b7937	950a4d02-4c52-49cf-992f-18f13e551abb
cbac9915-0e48-4059-8843-8b68a0caeb8c	424e6e69-4943-48dd-8da2-d19d25249cde
6dd49309-18f6-4781-a273-7405195aaa03	3a0854e1-df74-4917-ba7e-ac8dd130f9c9
a7db7492-2f72-491c-8793-39c8c980e1e1	f45554e0-95d1-483f-994c-a0c56617a3e5
d43d4038-b15c-4bb2-953c-905db355ed3b	cb5da69a-ea67-4bdd-b69c-191f46209cf3
d43d4038-b15c-4bb2-953c-905db355ed3b	f45554e0-95d1-483f-994c-a0c56617a3e5
d43d4038-b15c-4bb2-953c-905db355ed3b	950a4d02-4c52-49cf-992f-18f13e551abb
a999378c-5cd8-48e8-b7a6-24dc2d7490f1	3a0854e1-df74-4917-ba7e-ac8dd130f9c9
90105395-bc80-4091-aed6-ae167127b125	bfd58c77-0f31-4025-b344-9fbce15cb362
90105395-bc80-4091-aed6-ae167127b125	f45554e0-95d1-483f-994c-a0c56617a3e5
90105395-bc80-4091-aed6-ae167127b125	caaf1b46-dd86-4047-b2c6-ecdebfcfa94c
58cf662b-124d-47a0-b6c0-b7ed0acf42d4	f45554e0-95d1-483f-994c-a0c56617a3e5
fd9da336-63ae-4b6c-9c12-cbd4df8000e7	cb5da69a-ea67-4bdd-b69c-191f46209cf3
fd9da336-63ae-4b6c-9c12-cbd4df8000e7	f45554e0-95d1-483f-994c-a0c56617a3e5
fd9da336-63ae-4b6c-9c12-cbd4df8000e7	e6ce39a2-4d09-47fd-adf6-9fae16c6eedc
01f29679-fcc5-494f-9851-af4e1bf5e3f2	424e6e69-4943-48dd-8da2-d19d25249cde
d8273307-a25d-48e5-a01d-332152bd95f2	3a0854e1-df74-4917-ba7e-ac8dd130f9c9
d8273307-a25d-48e5-a01d-332152bd95f2	9c949e7e-3de8-40c0-b5c1-64324be33389
c701dd7f-be4e-4f6d-b91e-5a24b8e97ae0	f45554e0-95d1-483f-994c-a0c56617a3e5
db1a7bc2-3b24-4edb-a3c7-3ad5dd9c8d47	e757d51a-ef5e-4bc6-a3e1-ede4290fe0c1
db1a7bc2-3b24-4edb-a3c7-3ad5dd9c8d47	950a4d02-4c52-49cf-992f-18f13e551abb
e58814c3-d8a9-4050-87c1-16aacd767bec	3a0854e1-df74-4917-ba7e-ac8dd130f9c9
e58814c3-d8a9-4050-87c1-16aacd767bec	e757d51a-ef5e-4bc6-a3e1-ede4290fe0c1
10cab7ec-cb6e-4664-9943-d3f0373335e1	ae6d98bb-cd0d-4526-b4e5-83f2a63096fa
ab044551-7a3b-4e4b-b515-d1e1fcf9d496	bfd58c77-0f31-4025-b344-9fbce15cb362
ab044551-7a3b-4e4b-b515-d1e1fcf9d496	e757d51a-ef5e-4bc6-a3e1-ede4290fe0c1
ab044551-7a3b-4e4b-b515-d1e1fcf9d496	a6f9afe2-c38d-4afd-91a6-0d0508cce315
b8ab05eb-e5c5-4586-bad1-844c7249020a	cb5da69a-ea67-4bdd-b69c-191f46209cf3
b8ab05eb-e5c5-4586-bad1-844c7249020a	e2e6be8d-80c4-454e-977a-14b5f92c2502
b8ab05eb-e5c5-4586-bad1-844c7249020a	bfd58c77-0f31-4025-b344-9fbce15cb362
b8ab05eb-e5c5-4586-bad1-844c7249020a	caaf1b46-dd86-4047-b2c6-ecdebfcfa94c
aef4c5ac-5ca9-4a0e-a224-7b416442ae4e	bfd58c77-0f31-4025-b344-9fbce15cb362
aef4c5ac-5ca9-4a0e-a224-7b416442ae4e	f45554e0-95d1-483f-994c-a0c56617a3e5
6c026e90-b2f7-48e1-a407-83526c62a905	bfd58c77-0f31-4025-b344-9fbce15cb362
e4f1d353-d342-4c68-b3bd-f91d42782afb	f45554e0-95d1-483f-994c-a0c56617a3e5
b372b5c7-6a69-4303-9424-22bb19e9f70b	cb5da69a-ea67-4bdd-b69c-191f46209cf3
b372b5c7-6a69-4303-9424-22bb19e9f70b	950a4d02-4c52-49cf-992f-18f13e551abb
234b26b9-904d-49d6-bfce-09ef951e279e	3a0854e1-df74-4917-ba7e-ac8dd130f9c9
234b26b9-904d-49d6-bfce-09ef951e279e	ae6d98bb-cd0d-4526-b4e5-83f2a63096fa
709a3b1b-7d80-40f4-ac50-581402838744	3a0854e1-df74-4917-ba7e-ac8dd130f9c9
e9093591-db23-44b4-acf7-93c6872540b1	e757d51a-ef5e-4bc6-a3e1-ede4290fe0c1
9f4cdd78-1d43-4961-8fb8-5b09429c976e	bfd58c77-0f31-4025-b344-9fbce15cb362
9f4cdd78-1d43-4961-8fb8-5b09429c976e	f45554e0-95d1-483f-994c-a0c56617a3e5
9f4cdd78-1d43-4961-8fb8-5b09429c976e	950a4d02-4c52-49cf-992f-18f13e551abb
c5842149-87e0-4242-bb9f-deceb5e829d4	f45554e0-95d1-483f-994c-a0c56617a3e5
c5842149-87e0-4242-bb9f-deceb5e829d4	e757d51a-ef5e-4bc6-a3e1-ede4290fe0c1
c5842149-87e0-4242-bb9f-deceb5e829d4	950a4d02-4c52-49cf-992f-18f13e551abb
218cd4fe-2017-403e-816e-55e29055fb51	424e6e69-4943-48dd-8da2-d19d25249cde
15d20480-b916-4b16-aa99-277625eebf47	f45554e0-95d1-483f-994c-a0c56617a3e5
15d20480-b916-4b16-aa99-277625eebf47	9c949e7e-3de8-40c0-b5c1-64324be33389
d11240b3-27a8-4201-a223-f7e0a38eb1fb	ae6d98bb-cd0d-4526-b4e5-83f2a63096fa
2b0d06fc-e841-4efc-aae4-829bf41de67d	e757d51a-ef5e-4bc6-a3e1-ede4290fe0c1
76280896-71f6-491a-860e-4e2228df1769	3a0854e1-df74-4917-ba7e-ac8dd130f9c9
76280896-71f6-491a-860e-4e2228df1769	0999254b-81b3-4933-b12a-ffe52fa992fc
76280896-71f6-491a-860e-4e2228df1769	9c949e7e-3de8-40c0-b5c1-64324be33389
76280896-71f6-491a-860e-4e2228df1769	ae6d98bb-cd0d-4526-b4e5-83f2a63096fa
8810a4df-be61-4fc4-b19e-0af0ad645000	cb5da69a-ea67-4bdd-b69c-191f46209cf3
8810a4df-be61-4fc4-b19e-0af0ad645000	f45554e0-95d1-483f-994c-a0c56617a3e5
8810a4df-be61-4fc4-b19e-0af0ad645000	950a4d02-4c52-49cf-992f-18f13e551abb
87a65aa5-824c-43ab-b995-bb4438e15d12	3a0854e1-df74-4917-ba7e-ac8dd130f9c9
87a65aa5-824c-43ab-b995-bb4438e15d12	a6f9afe2-c38d-4afd-91a6-0d0508cce315
87a65aa5-824c-43ab-b995-bb4438e15d12	950a4d02-4c52-49cf-992f-18f13e551abb
544197ef-3b29-437c-b0ae-9222e29535a3	bfd58c77-0f31-4025-b344-9fbce15cb362
544197ef-3b29-437c-b0ae-9222e29535a3	f45554e0-95d1-483f-994c-a0c56617a3e5
1584dc2b-a14d-4a43-9a55-a75acc7a38ff	f45554e0-95d1-483f-994c-a0c56617a3e5
1584dc2b-a14d-4a43-9a55-a75acc7a38ff	950a4d02-4c52-49cf-992f-18f13e551abb
e92f375f-5b05-49b9-a429-5fd283b097e3	3a0854e1-df74-4917-ba7e-ac8dd130f9c9
e92f375f-5b05-49b9-a429-5fd283b097e3	9c949e7e-3de8-40c0-b5c1-64324be33389
e92f375f-5b05-49b9-a429-5fd283b097e3	950a4d02-4c52-49cf-992f-18f13e551abb
9bf4d679-78ca-4d39-a11f-6f024ca214b5	e757d51a-ef5e-4bc6-a3e1-ede4290fe0c1
9bf4d679-78ca-4d39-a11f-6f024ca214b5	950a4d02-4c52-49cf-992f-18f13e551abb
b92a50ad-9783-4860-a9f1-50a944297121	f45554e0-95d1-483f-994c-a0c56617a3e5
33d78048-dd36-44ce-ac47-1cb148cd49b9	cb5da69a-ea67-4bdd-b69c-191f46209cf3
33d78048-dd36-44ce-ac47-1cb148cd49b9	bfd58c77-0f31-4025-b344-9fbce15cb362
33d78048-dd36-44ce-ac47-1cb148cd49b9	950a4d02-4c52-49cf-992f-18f13e551abb
ae1e8d2d-97bc-4f2c-829b-f593867f5cd1	e757d51a-ef5e-4bc6-a3e1-ede4290fe0c1
ae1e8d2d-97bc-4f2c-829b-f593867f5cd1	a6f9afe2-c38d-4afd-91a6-0d0508cce315
87e0c65f-4b8e-4488-8a43-38752382baa6	f45554e0-95d1-483f-994c-a0c56617a3e5
87e0c65f-4b8e-4488-8a43-38752382baa6	e6ce39a2-4d09-47fd-adf6-9fae16c6eedc
5e984957-322b-4088-b759-c9cce475209e	3a0854e1-df74-4917-ba7e-ac8dd130f9c9
ac1f61d2-5ad9-4d70-9aba-dd9a62a11e2e	e757d51a-ef5e-4bc6-a3e1-ede4290fe0c1
ac1f61d2-5ad9-4d70-9aba-dd9a62a11e2e	950a4d02-4c52-49cf-992f-18f13e551abb
2c70c4c5-8fed-4379-b0cb-2f6f5b33216f	3a0854e1-df74-4917-ba7e-ac8dd130f9c9
2c70c4c5-8fed-4379-b0cb-2f6f5b33216f	9c949e7e-3de8-40c0-b5c1-64324be33389
becab54a-8b68-457a-8c5f-0645afb84053	f573ecd9-db92-4a66-8760-c01d9110a448
becab54a-8b68-457a-8c5f-0645afb84053	f45554e0-95d1-483f-994c-a0c56617a3e5
a3c9f5e9-a7a3-482c-89a3-ce72f25702d4	3a0854e1-df74-4917-ba7e-ac8dd130f9c9
a3c9f5e9-a7a3-482c-89a3-ce72f25702d4	9c949e7e-3de8-40c0-b5c1-64324be33389
ad151832-ba59-4b15-84f6-8be11519a691	424e6e69-4943-48dd-8da2-d19d25249cde
d4b36543-9e5c-4003-b027-7574a11167f1	e757d51a-ef5e-4bc6-a3e1-ede4290fe0c1
8c193823-cea3-4239-a4b2-2b6e60d50f3c	cb5da69a-ea67-4bdd-b69c-191f46209cf3
8c193823-cea3-4239-a4b2-2b6e60d50f3c	f45554e0-95d1-483f-994c-a0c56617a3e5
8c193823-cea3-4239-a4b2-2b6e60d50f3c	950a4d02-4c52-49cf-992f-18f13e551abb
1bdb75f7-f070-4860-a7cb-05268d897c7f	f45554e0-95d1-483f-994c-a0c56617a3e5
a5032db1-de4c-46b4-a344-96cd275aca21	3a0854e1-df74-4917-ba7e-ac8dd130f9c9
a5032db1-de4c-46b4-a344-96cd275aca21	f45554e0-95d1-483f-994c-a0c56617a3e5
6fbc00f9-0bbb-4701-a138-2f49e2a58ca8	3a0854e1-df74-4917-ba7e-ac8dd130f9c9
c835a4e2-8a4f-435b-b60c-055640d1bae0	ae6d98bb-cd0d-4526-b4e5-83f2a63096fa
1155c262-1f89-4ba7-b561-580550a31788	caaf1b46-dd86-4047-b2c6-ecdebfcfa94c
1155c262-1f89-4ba7-b561-580550a31788	a6f9afe2-c38d-4afd-91a6-0d0508cce315
1155c262-1f89-4ba7-b561-580550a31788	950a4d02-4c52-49cf-992f-18f13e551abb
f639ab5e-2a01-4cbe-8ba3-1f695f97b5e0	950a4d02-4c52-49cf-992f-18f13e551abb
00f7834c-97c4-4066-99d0-575b69b4d349	cb5da69a-ea67-4bdd-b69c-191f46209cf3
00f7834c-97c4-4066-99d0-575b69b4d349	bfd58c77-0f31-4025-b344-9fbce15cb362
00f7834c-97c4-4066-99d0-575b69b4d349	a6f9afe2-c38d-4afd-91a6-0d0508cce315
1196d5db-ed34-4dc1-9066-b1ff690295cb	3a0854e1-df74-4917-ba7e-ac8dd130f9c9
fb50bc04-16c5-4ccd-8051-b79194ef5c4d	e757d51a-ef5e-4bc6-a3e1-ede4290fe0c1
fb50bc04-16c5-4ccd-8051-b79194ef5c4d	950a4d02-4c52-49cf-992f-18f13e551abb
623f4b1d-850c-4f8f-8bea-3e2fd3d9082a	cb5da69a-ea67-4bdd-b69c-191f46209cf3
623f4b1d-850c-4f8f-8bea-3e2fd3d9082a	e2e6be8d-80c4-454e-977a-14b5f92c2502
623f4b1d-850c-4f8f-8bea-3e2fd3d9082a	f45554e0-95d1-483f-994c-a0c56617a3e5
623f4b1d-850c-4f8f-8bea-3e2fd3d9082a	e6ce39a2-4d09-47fd-adf6-9fae16c6eedc
28ed02bb-dd70-4926-b2f9-2a89b1e473c6	3a0854e1-df74-4917-ba7e-ac8dd130f9c9
28ed02bb-dd70-4926-b2f9-2a89b1e473c6	bfd58c77-0f31-4025-b344-9fbce15cb362
121141b1-9b6b-48e6-930d-20b6fae81f31	3a0854e1-df74-4917-ba7e-ac8dd130f9c9
28244078-6a37-4400-bd15-a335904f28cd	f45554e0-95d1-483f-994c-a0c56617a3e5
331fdcb0-77ae-4832-aaa8-08ef288499ea	3a0854e1-df74-4917-ba7e-ac8dd130f9c9
331fdcb0-77ae-4832-aaa8-08ef288499ea	caaf1b46-dd86-4047-b2c6-ecdebfcfa94c
b4117ecb-e631-4a4f-810e-84e2c76bba90	3a0854e1-df74-4917-ba7e-ac8dd130f9c9
b4117ecb-e631-4a4f-810e-84e2c76bba90	9c949e7e-3de8-40c0-b5c1-64324be33389
add4b12f-a339-46e8-94ab-54a3e348f37a	bfd58c77-0f31-4025-b344-9fbce15cb362
add4b12f-a339-46e8-94ab-54a3e348f37a	e757d51a-ef5e-4bc6-a3e1-ede4290fe0c1
add4b12f-a339-46e8-94ab-54a3e348f37a	caaf1b46-dd86-4047-b2c6-ecdebfcfa94c
dd2eb12c-7417-41ae-99cb-16335d6ac045	3a0854e1-df74-4917-ba7e-ac8dd130f9c9
dd2eb12c-7417-41ae-99cb-16335d6ac045	f45554e0-95d1-483f-994c-a0c56617a3e5
dd2eb12c-7417-41ae-99cb-16335d6ac045	9c949e7e-3de8-40c0-b5c1-64324be33389
39de04b9-be2f-464f-8d8f-0028e8c04da3	424e6e69-4943-48dd-8da2-d19d25249cde
39de04b9-be2f-464f-8d8f-0028e8c04da3	89a4409b-5bf0-4825-83e6-cc5549264484
b63dc1a4-5b92-4027-ab4a-9bea365ceb45	bfd58c77-0f31-4025-b344-9fbce15cb362
b63dc1a4-5b92-4027-ab4a-9bea365ceb45	950a4d02-4c52-49cf-992f-18f13e551abb
259a885c-4611-4e77-b735-41cbcb548d35	ae6d98bb-cd0d-4526-b4e5-83f2a63096fa
f763688a-6b57-4fdf-a4b2-e78072487c24	3a0854e1-df74-4917-ba7e-ac8dd130f9c9
f763688a-6b57-4fdf-a4b2-e78072487c24	f45554e0-95d1-483f-994c-a0c56617a3e5
f763688a-6b57-4fdf-a4b2-e78072487c24	0999254b-81b3-4933-b12a-ffe52fa992fc
f763688a-6b57-4fdf-a4b2-e78072487c24	9c949e7e-3de8-40c0-b5c1-64324be33389
ff229ed5-43f8-495c-b20c-d29923180ad7	f45554e0-95d1-483f-994c-a0c56617a3e5
d8468b95-3faf-428d-817a-9c02a1f4f4f9	bfd58c77-0f31-4025-b344-9fbce15cb362
d8468b95-3faf-428d-817a-9c02a1f4f4f9	f45554e0-95d1-483f-994c-a0c56617a3e5
669e082d-4938-400a-842b-a875f1feebbe	3a0854e1-df74-4917-ba7e-ac8dd130f9c9
669e082d-4938-400a-842b-a875f1feebbe	e757d51a-ef5e-4bc6-a3e1-ede4290fe0c1
c60d0ae2-884e-4387-aa2c-80cb2a6a4983	bfd58c77-0f31-4025-b344-9fbce15cb362
c60d0ae2-884e-4387-aa2c-80cb2a6a4983	f45554e0-95d1-483f-994c-a0c56617a3e5
7c8ea375-fb23-47b1-a9e2-6e462c13f3ab	3a0854e1-df74-4917-ba7e-ac8dd130f9c9
7c8ea375-fb23-47b1-a9e2-6e462c13f3ab	f45554e0-95d1-483f-994c-a0c56617a3e5
7b6dce8f-68a4-441a-b29e-ec081a96c7c4	e757d51a-ef5e-4bc6-a3e1-ede4290fe0c1
7b6dce8f-68a4-441a-b29e-ec081a96c7c4	950a4d02-4c52-49cf-992f-18f13e551abb
4b5a7472-b34b-469c-9108-5bdeceeb4cec	f45554e0-95d1-483f-994c-a0c56617a3e5
8b2ee466-96b9-4411-92d0-2fdd35706bf6	3a0854e1-df74-4917-ba7e-ac8dd130f9c9
3d83fcae-4f71-400a-9dfb-bb0eb1382ef6	e2e6be8d-80c4-454e-977a-14b5f92c2502
3d83fcae-4f71-400a-9dfb-bb0eb1382ef6	f573ecd9-db92-4a66-8760-c01d9110a448
3d83fcae-4f71-400a-9dfb-bb0eb1382ef6	da88ba55-8d28-4362-ade6-5be4e1da2033
cd287421-cc8d-4497-a5b3-f3016a2a7789	e2e6be8d-80c4-454e-977a-14b5f92c2502
cd287421-cc8d-4497-a5b3-f3016a2a7789	a6f9afe2-c38d-4afd-91a6-0d0508cce315
36fde1ea-2161-420b-8c5c-48284c08d875	cb5da69a-ea67-4bdd-b69c-191f46209cf3
36fde1ea-2161-420b-8c5c-48284c08d875	3a0854e1-df74-4917-ba7e-ac8dd130f9c9
247f0533-1a11-4065-bb1a-d2fa4590f909	e757d51a-ef5e-4bc6-a3e1-ede4290fe0c1
247f0533-1a11-4065-bb1a-d2fa4590f909	950a4d02-4c52-49cf-992f-18f13e551abb
d7163bc6-829e-4d4e-9b3c-6a575b73d1d7	bfd58c77-0f31-4025-b344-9fbce15cb362
d7163bc6-829e-4d4e-9b3c-6a575b73d1d7	f45554e0-95d1-483f-994c-a0c56617a3e5
d7163bc6-829e-4d4e-9b3c-6a575b73d1d7	950a4d02-4c52-49cf-992f-18f13e551abb
4676fbd3-49ae-4132-b457-4c8633b6023f	3a0854e1-df74-4917-ba7e-ac8dd130f9c9
4676fbd3-49ae-4132-b457-4c8633b6023f	9c949e7e-3de8-40c0-b5c1-64324be33389
fa2a56d2-7d0b-433f-88a6-5266a229636e	da88ba55-8d28-4362-ade6-5be4e1da2033
fa2a56d2-7d0b-433f-88a6-5266a229636e	e757d51a-ef5e-4bc6-a3e1-ede4290fe0c1
fa2a56d2-7d0b-433f-88a6-5266a229636e	caaf1b46-dd86-4047-b2c6-ecdebfcfa94c
fa2a56d2-7d0b-433f-88a6-5266a229636e	950a4d02-4c52-49cf-992f-18f13e551abb
a3fcee14-d5da-4c5b-8ec8-9ece4f78e32e	cb5da69a-ea67-4bdd-b69c-191f46209cf3
a3fcee14-d5da-4c5b-8ec8-9ece4f78e32e	3a0854e1-df74-4917-ba7e-ac8dd130f9c9
d59ff729-40a2-425b-bee2-3c924b0f5a83	424e6e69-4943-48dd-8da2-d19d25249cde
b1f395a4-782d-4ceb-ad21-eeeae22c0b6a	89e240be-943e-4198-8635-20359aed73c7
b1f395a4-782d-4ceb-ad21-eeeae22c0b6a	3a0854e1-df74-4917-ba7e-ac8dd130f9c9
0a080a99-905a-44cb-ae2d-81499871e1a6	cb5da69a-ea67-4bdd-b69c-191f46209cf3
0a080a99-905a-44cb-ae2d-81499871e1a6	f45554e0-95d1-483f-994c-a0c56617a3e5
0a080a99-905a-44cb-ae2d-81499871e1a6	ae6d98bb-cd0d-4526-b4e5-83f2a63096fa
51d2c4de-9573-436d-84c6-fc7d2b24cff6	cb5da69a-ea67-4bdd-b69c-191f46209cf3
51d2c4de-9573-436d-84c6-fc7d2b24cff6	3a0854e1-df74-4917-ba7e-ac8dd130f9c9
51d2c4de-9573-436d-84c6-fc7d2b24cff6	f45554e0-95d1-483f-994c-a0c56617a3e5
93f0ab02-ec4e-4723-bb57-741e8658be4b	e757d51a-ef5e-4bc6-a3e1-ede4290fe0c1
93f0ab02-ec4e-4723-bb57-741e8658be4b	950a4d02-4c52-49cf-992f-18f13e551abb
30aacd3e-9264-43be-a481-76daab3ae348	e2e6be8d-80c4-454e-977a-14b5f92c2502
30aacd3e-9264-43be-a481-76daab3ae348	f573ecd9-db92-4a66-8760-c01d9110a448
30aacd3e-9264-43be-a481-76daab3ae348	da88ba55-8d28-4362-ade6-5be4e1da2033
30aacd3e-9264-43be-a481-76daab3ae348	0999254b-81b3-4933-b12a-ffe52fa992fc
30aacd3e-9264-43be-a481-76daab3ae348	a6f9afe2-c38d-4afd-91a6-0d0508cce315
52394e85-e4fc-4eb5-9e37-9b950dcce027	cb5da69a-ea67-4bdd-b69c-191f46209cf3
52394e85-e4fc-4eb5-9e37-9b950dcce027	3a0854e1-df74-4917-ba7e-ac8dd130f9c9
52394e85-e4fc-4eb5-9e37-9b950dcce027	950a4d02-4c52-49cf-992f-18f13e551abb
b7c05f2c-166e-4d02-86ad-0b93eced6c8b	f45554e0-95d1-483f-994c-a0c56617a3e5
7b574743-0d5d-4361-90e3-1431922c3eb7	f45554e0-95d1-483f-994c-a0c56617a3e5
4265feed-a02d-45f1-995a-8d0c2c79e348	f45554e0-95d1-483f-994c-a0c56617a3e5
0aeb2289-449f-4f2d-80f9-2eb820110eeb	f45554e0-95d1-483f-994c-a0c56617a3e5
ca0abe9e-cfe4-488c-9667-995e7eca5d03	e757d51a-ef5e-4bc6-a3e1-ede4290fe0c1
ca0abe9e-cfe4-488c-9667-995e7eca5d03	a6f9afe2-c38d-4afd-91a6-0d0508cce315
958886d4-cb14-4782-a614-74b7ed4b004d	f45554e0-95d1-483f-994c-a0c56617a3e5
4f656659-568a-4fc1-b42d-60d2d81b15de	f45554e0-95d1-483f-994c-a0c56617a3e5
d54b7705-72f3-49f1-9987-4eacfe3312ab	f573ecd9-db92-4a66-8760-c01d9110a448
d54b7705-72f3-49f1-9987-4eacfe3312ab	89e240be-943e-4198-8635-20359aed73c7
d54b7705-72f3-49f1-9987-4eacfe3312ab	3a0854e1-df74-4917-ba7e-ac8dd130f9c9
51d54adb-a385-41a3-8a6d-656ad1398492	f45554e0-95d1-483f-994c-a0c56617a3e5
c29023e3-b6e4-48f4-8246-2b6815383aa2	3a0854e1-df74-4917-ba7e-ac8dd130f9c9
c29023e3-b6e4-48f4-8246-2b6815383aa2	9c949e7e-3de8-40c0-b5c1-64324be33389
febe4e8a-69ee-46e5-b625-2014a56b1191	3a0854e1-df74-4917-ba7e-ac8dd130f9c9
febe4e8a-69ee-46e5-b625-2014a56b1191	f45554e0-95d1-483f-994c-a0c56617a3e5
febe4e8a-69ee-46e5-b625-2014a56b1191	da88ba55-8d28-4362-ade6-5be4e1da2033
febe4e8a-69ee-46e5-b625-2014a56b1191	9c949e7e-3de8-40c0-b5c1-64324be33389
a9e275ec-4da2-4e0d-8673-e7d770a482ee	f45554e0-95d1-483f-994c-a0c56617a3e5
06f0ba1e-4b22-48af-a040-07fc595d7045	e2e6be8d-80c4-454e-977a-14b5f92c2502
06f0ba1e-4b22-48af-a040-07fc595d7045	f45554e0-95d1-483f-994c-a0c56617a3e5
117d53eb-4466-40f8-bfa5-e4cf0ccfb929	424e6e69-4943-48dd-8da2-d19d25249cde
a80eb1a4-4bd7-403e-8675-5538e70f9676	3a0854e1-df74-4917-ba7e-ac8dd130f9c9
a80eb1a4-4bd7-403e-8675-5538e70f9676	f45554e0-95d1-483f-994c-a0c56617a3e5
a80eb1a4-4bd7-403e-8675-5538e70f9676	e6ce39a2-4d09-47fd-adf6-9fae16c6eedc
1651030f-2f61-4d8f-b729-78249bc1692d	3a0854e1-df74-4917-ba7e-ac8dd130f9c9
c73b1e82-14a3-4d69-9606-b1b7f9d3c614	f45554e0-95d1-483f-994c-a0c56617a3e5
c73b1e82-14a3-4d69-9606-b1b7f9d3c614	a6f9afe2-c38d-4afd-91a6-0d0508cce315
659f2e20-835e-4151-983c-480d122a8bc4	f45554e0-95d1-483f-994c-a0c56617a3e5
612c99b1-46a3-4335-b7ab-f4345eb0c478	cb5da69a-ea67-4bdd-b69c-191f46209cf3
612c99b1-46a3-4335-b7ab-f4345eb0c478	f45554e0-95d1-483f-994c-a0c56617a3e5
9bad5783-01aa-4f4c-babb-2e3d9ccb5ce4	f45554e0-95d1-483f-994c-a0c56617a3e5
92d3b89b-807d-45b4-9f57-c2be73bbd934	bfd58c77-0f31-4025-b344-9fbce15cb362
92d3b89b-807d-45b4-9f57-c2be73bbd934	caaf1b46-dd86-4047-b2c6-ecdebfcfa94c
87a967d5-387c-4646-889d-dfdbabfc47d9	e2e6be8d-80c4-454e-977a-14b5f92c2502
f1f20ac0-1bed-490a-9af8-9708d7578651	cb5da69a-ea67-4bdd-b69c-191f46209cf3
f1f20ac0-1bed-490a-9af8-9708d7578651	f45554e0-95d1-483f-994c-a0c56617a3e5
f1f20ac0-1bed-490a-9af8-9708d7578651	950a4d02-4c52-49cf-992f-18f13e551abb
31f6e6e5-bbc0-45e8-a263-04e003e3b13f	f45554e0-95d1-483f-994c-a0c56617a3e5
31f6e6e5-bbc0-45e8-a263-04e003e3b13f	e6ce39a2-4d09-47fd-adf6-9fae16c6eedc
462fd490-62be-4116-ad5a-21c7cb169a11	3a0854e1-df74-4917-ba7e-ac8dd130f9c9
462fd490-62be-4116-ad5a-21c7cb169a11	f45554e0-95d1-483f-994c-a0c56617a3e5
ae660830-75e1-41ac-9617-9bb7c2e68f8f	3a0854e1-df74-4917-ba7e-ac8dd130f9c9
ae660830-75e1-41ac-9617-9bb7c2e68f8f	424e6e69-4943-48dd-8da2-d19d25249cde
302b8981-26f4-4472-98a4-a10b65926041	3a0854e1-df74-4917-ba7e-ac8dd130f9c9
95bf78a9-2f88-4c0d-8c1a-7cce0a023e67	3a0854e1-df74-4917-ba7e-ac8dd130f9c9
28aac6ca-30c0-4c83-9cf3-fc9fcae5ac54	bfd58c77-0f31-4025-b344-9fbce15cb362
28aac6ca-30c0-4c83-9cf3-fc9fcae5ac54	f45554e0-95d1-483f-994c-a0c56617a3e5
28aac6ca-30c0-4c83-9cf3-fc9fcae5ac54	e53ad64d-1476-428a-95d0-b2bfee89095d
752e90ad-2020-4bbd-91fc-671916aa318f	f45554e0-95d1-483f-994c-a0c56617a3e5
752e90ad-2020-4bbd-91fc-671916aa318f	9c949e7e-3de8-40c0-b5c1-64324be33389
752e90ad-2020-4bbd-91fc-671916aa318f	e6ce39a2-4d09-47fd-adf6-9fae16c6eedc
c6c4e357-1b53-4340-90ea-4beae953026b	cb5da69a-ea67-4bdd-b69c-191f46209cf3
c6c4e357-1b53-4340-90ea-4beae953026b	f45554e0-95d1-483f-994c-a0c56617a3e5
c6c4e357-1b53-4340-90ea-4beae953026b	e6ce39a2-4d09-47fd-adf6-9fae16c6eedc
b6307675-ce6c-4e5a-b2d7-9fb908d8de19	3a0854e1-df74-4917-ba7e-ac8dd130f9c9
2ea32217-5a02-4500-86e9-1099dadcbbf4	cb5da69a-ea67-4bdd-b69c-191f46209cf3
2ea32217-5a02-4500-86e9-1099dadcbbf4	e757d51a-ef5e-4bc6-a3e1-ede4290fe0c1
25ceb694-05fb-4e6a-9d96-8f6965c6462b	f45554e0-95d1-483f-994c-a0c56617a3e5
b6b568ee-c6f6-49d7-a4f9-ba357b943bdc	f45554e0-95d1-483f-994c-a0c56617a3e5
275cac83-9833-43f1-8b40-c92f7558c76a	e2e6be8d-80c4-454e-977a-14b5f92c2502
275cac83-9833-43f1-8b40-c92f7558c76a	3a0854e1-df74-4917-ba7e-ac8dd130f9c9
275cac83-9833-43f1-8b40-c92f7558c76a	bfd58c77-0f31-4025-b344-9fbce15cb362
275cac83-9833-43f1-8b40-c92f7558c76a	9c949e7e-3de8-40c0-b5c1-64324be33389
01654c9c-ba6c-4cc7-be64-6136c8adbd53	cb5da69a-ea67-4bdd-b69c-191f46209cf3
01654c9c-ba6c-4cc7-be64-6136c8adbd53	bfd58c77-0f31-4025-b344-9fbce15cb362
01654c9c-ba6c-4cc7-be64-6136c8adbd53	f45554e0-95d1-483f-994c-a0c56617a3e5
32275cf5-b5d8-4dc4-98ad-dbc1f1c5a416	e2e6be8d-80c4-454e-977a-14b5f92c2502
32275cf5-b5d8-4dc4-98ad-dbc1f1c5a416	f573ecd9-db92-4a66-8760-c01d9110a448
32275cf5-b5d8-4dc4-98ad-dbc1f1c5a416	89e240be-943e-4198-8635-20359aed73c7
32275cf5-b5d8-4dc4-98ad-dbc1f1c5a416	3a0854e1-df74-4917-ba7e-ac8dd130f9c9
668ae914-e472-4b42-a08f-7cbe5004dda0	424e6e69-4943-48dd-8da2-d19d25249cde
83dfa7ce-1c11-4504-8daf-977755bec5a3	f45554e0-95d1-483f-994c-a0c56617a3e5
30fee74c-bed4-47e9-b879-f478de0f2902	3a0854e1-df74-4917-ba7e-ac8dd130f9c9
f55ec7b7-46a2-4566-a671-8d834d436257	424e6e69-4943-48dd-8da2-d19d25249cde
77c0eb68-c253-4276-9ec4-7fd125a364c5	f45554e0-95d1-483f-994c-a0c56617a3e5
d4cd8eca-b9c7-443d-8ce7-640bfdfb41ba	3a0854e1-df74-4917-ba7e-ac8dd130f9c9
fd5c16cf-6990-420f-8e13-ed2178cc3cd0	f45554e0-95d1-483f-994c-a0c56617a3e5
4bf1c9e0-6da2-4e88-a02b-b6d68c34a9b0	f573ecd9-db92-4a66-8760-c01d9110a448
4bf1c9e0-6da2-4e88-a02b-b6d68c34a9b0	89e240be-943e-4198-8635-20359aed73c7
4bf1c9e0-6da2-4e88-a02b-b6d68c34a9b0	da88ba55-8d28-4362-ade6-5be4e1da2033
d2f1e60c-b756-458b-afa0-c4437475fe59	cb5da69a-ea67-4bdd-b69c-191f46209cf3
d2f1e60c-b756-458b-afa0-c4437475fe59	f45554e0-95d1-483f-994c-a0c56617a3e5
d2f1e60c-b756-458b-afa0-c4437475fe59	9c949e7e-3de8-40c0-b5c1-64324be33389
db04d891-2fe5-4b7b-bca9-03dc8f4d1bd3	3a0854e1-df74-4917-ba7e-ac8dd130f9c9
a87b7798-e6dc-4783-9d60-e7c3607166e7	cb5da69a-ea67-4bdd-b69c-191f46209cf3
a87b7798-e6dc-4783-9d60-e7c3607166e7	950a4d02-4c52-49cf-992f-18f13e551abb
e79d1d90-e1b0-4501-b154-f142c2da7f26	bfd58c77-0f31-4025-b344-9fbce15cb362
e79d1d90-e1b0-4501-b154-f142c2da7f26	e53ad64d-1476-428a-95d0-b2bfee89095d
e79d1d90-e1b0-4501-b154-f142c2da7f26	caaf1b46-dd86-4047-b2c6-ecdebfcfa94c
e79d1d90-e1b0-4501-b154-f142c2da7f26	950a4d02-4c52-49cf-992f-18f13e551abb
3022445d-5ee6-4bfb-911b-3257bfd84d45	cb5da69a-ea67-4bdd-b69c-191f46209cf3
3022445d-5ee6-4bfb-911b-3257bfd84d45	f45554e0-95d1-483f-994c-a0c56617a3e5
3022445d-5ee6-4bfb-911b-3257bfd84d45	e6ce39a2-4d09-47fd-adf6-9fae16c6eedc
a23de2d0-52e2-4317-9008-23addba0d8d0	f45554e0-95d1-483f-994c-a0c56617a3e5
dc895895-ae23-4cc3-bdc7-1bf0802393ed	f45554e0-95d1-483f-994c-a0c56617a3e5
684c406e-106a-49e7-81c8-6bf6b6529d9c	e757d51a-ef5e-4bc6-a3e1-ede4290fe0c1
2b6b3e7f-5404-4dd2-a13a-a3a50f00601a	bfd58c77-0f31-4025-b344-9fbce15cb362
2b6b3e7f-5404-4dd2-a13a-a3a50f00601a	caaf1b46-dd86-4047-b2c6-ecdebfcfa94c
2b6b3e7f-5404-4dd2-a13a-a3a50f00601a	950a4d02-4c52-49cf-992f-18f13e551abb
0fdab52b-82e9-46d3-803b-3c9772d1024f	bfd58c77-0f31-4025-b344-9fbce15cb362
0fdab52b-82e9-46d3-803b-3c9772d1024f	f45554e0-95d1-483f-994c-a0c56617a3e5
0fdab52b-82e9-46d3-803b-3c9772d1024f	caaf1b46-dd86-4047-b2c6-ecdebfcfa94c
0fdab52b-82e9-46d3-803b-3c9772d1024f	950a4d02-4c52-49cf-992f-18f13e551abb
06d93a0b-28ab-41af-a333-e1fd3314c4d3	ae6d98bb-cd0d-4526-b4e5-83f2a63096fa
7fd4f788-8559-4acb-9c62-0519853b00b7	cb5da69a-ea67-4bdd-b69c-191f46209cf3
7fd4f788-8559-4acb-9c62-0519853b00b7	e2e6be8d-80c4-454e-977a-14b5f92c2502
7fd4f788-8559-4acb-9c62-0519853b00b7	3a0854e1-df74-4917-ba7e-ac8dd130f9c9
7fd4f788-8559-4acb-9c62-0519853b00b7	bfd58c77-0f31-4025-b344-9fbce15cb362
ec6ef4fd-bc3d-4cbc-9582-03ea367da294	e2e6be8d-80c4-454e-977a-14b5f92c2502
ec6ef4fd-bc3d-4cbc-9582-03ea367da294	89e240be-943e-4198-8635-20359aed73c7
ec6ef4fd-bc3d-4cbc-9582-03ea367da294	da88ba55-8d28-4362-ade6-5be4e1da2033
7091d622-0a2c-4170-8ad0-a107c81528ee	cb5da69a-ea67-4bdd-b69c-191f46209cf3
7091d622-0a2c-4170-8ad0-a107c81528ee	3a0854e1-df74-4917-ba7e-ac8dd130f9c9
7091d622-0a2c-4170-8ad0-a107c81528ee	bfd58c77-0f31-4025-b344-9fbce15cb362
7091d622-0a2c-4170-8ad0-a107c81528ee	950a4d02-4c52-49cf-992f-18f13e551abb
28739a63-4676-4c78-a112-11cd9f3319ab	3a0854e1-df74-4917-ba7e-ac8dd130f9c9
28739a63-4676-4c78-a112-11cd9f3319ab	f45554e0-95d1-483f-994c-a0c56617a3e5
28739a63-4676-4c78-a112-11cd9f3319ab	9c949e7e-3de8-40c0-b5c1-64324be33389
cb7cb943-b9c5-4b6d-ad0b-5b26e8e6992f	e757d51a-ef5e-4bc6-a3e1-ede4290fe0c1
cb7cb943-b9c5-4b6d-ad0b-5b26e8e6992f	9c949e7e-3de8-40c0-b5c1-64324be33389
b0170d8c-b8a8-4b6f-9a89-0b47e7095d65	f45554e0-95d1-483f-994c-a0c56617a3e5
66c8ba2c-9d8f-4c78-9bd5-d5a6442f018a	f573ecd9-db92-4a66-8760-c01d9110a448
66c8ba2c-9d8f-4c78-9bd5-d5a6442f018a	89e240be-943e-4198-8635-20359aed73c7
66c8ba2c-9d8f-4c78-9bd5-d5a6442f018a	3a0854e1-df74-4917-ba7e-ac8dd130f9c9
66c8ba2c-9d8f-4c78-9bd5-d5a6442f018a	ae6d98bb-cd0d-4526-b4e5-83f2a63096fa
ae9f9258-1ae6-459b-a639-164df7037f11	424e6e69-4943-48dd-8da2-d19d25249cde
73773c3a-aa50-47d0-acfa-3c8c37ef74f8	cb5da69a-ea67-4bdd-b69c-191f46209cf3
73773c3a-aa50-47d0-acfa-3c8c37ef74f8	f45554e0-95d1-483f-994c-a0c56617a3e5
73773c3a-aa50-47d0-acfa-3c8c37ef74f8	950a4d02-4c52-49cf-992f-18f13e551abb
e7296614-6ac5-4aa8-924f-1ae44950917c	3a0854e1-df74-4917-ba7e-ac8dd130f9c9
e7296614-6ac5-4aa8-924f-1ae44950917c	f45554e0-95d1-483f-994c-a0c56617a3e5
3ba5d6e1-e428-4c38-a793-22a892a96e2f	bfd58c77-0f31-4025-b344-9fbce15cb362
3ba5d6e1-e428-4c38-a793-22a892a96e2f	f45554e0-95d1-483f-994c-a0c56617a3e5
3ba5d6e1-e428-4c38-a793-22a892a96e2f	9c949e7e-3de8-40c0-b5c1-64324be33389
7e8c5323-b710-4c04-8994-73ffa60c2407	f45554e0-95d1-483f-994c-a0c56617a3e5
0b110412-2c39-45cc-b6b1-ab3a59740d71	3a0854e1-df74-4917-ba7e-ac8dd130f9c9
0b110412-2c39-45cc-b6b1-ab3a59740d71	f45554e0-95d1-483f-994c-a0c56617a3e5
4e117f57-b43f-41d0-8090-385549bf9673	f45554e0-95d1-483f-994c-a0c56617a3e5
4e117f57-b43f-41d0-8090-385549bf9673	e6ce39a2-4d09-47fd-adf6-9fae16c6eedc
90419915-d746-4d1d-a98e-0b8a28cb223e	3a0854e1-df74-4917-ba7e-ac8dd130f9c9
90419915-d746-4d1d-a98e-0b8a28cb223e	f45554e0-95d1-483f-994c-a0c56617a3e5
90419915-d746-4d1d-a98e-0b8a28cb223e	0999254b-81b3-4933-b12a-ffe52fa992fc
90419915-d746-4d1d-a98e-0b8a28cb223e	9c949e7e-3de8-40c0-b5c1-64324be33389
1ab7ea18-6d82-4b32-bb92-4f61d2e6217a	f45554e0-95d1-483f-994c-a0c56617a3e5
48cd7c20-77bc-4f7c-a1b4-130d49121d1d	3a0854e1-df74-4917-ba7e-ac8dd130f9c9
48cd7c20-77bc-4f7c-a1b4-130d49121d1d	9c949e7e-3de8-40c0-b5c1-64324be33389
07b7442b-da49-4613-811f-91e6f4ff4da1	424e6e69-4943-48dd-8da2-d19d25249cde
07b7442b-da49-4613-811f-91e6f4ff4da1	0999254b-81b3-4933-b12a-ffe52fa992fc
406355d7-3f39-46b0-a356-f23fc556ba4a	f45554e0-95d1-483f-994c-a0c56617a3e5
406355d7-3f39-46b0-a356-f23fc556ba4a	0999254b-81b3-4933-b12a-ffe52fa992fc
21178e64-8ba2-480d-9cdf-701e53e23563	424e6e69-4943-48dd-8da2-d19d25249cde
5771a9fc-89dd-4dd6-96d4-0cce83dca1ec	89e240be-943e-4198-8635-20359aed73c7
5771a9fc-89dd-4dd6-96d4-0cce83dca1ec	3a0854e1-df74-4917-ba7e-ac8dd130f9c9
5771a9fc-89dd-4dd6-96d4-0cce83dca1ec	da88ba55-8d28-4362-ade6-5be4e1da2033
5771a9fc-89dd-4dd6-96d4-0cce83dca1ec	9c949e7e-3de8-40c0-b5c1-64324be33389
7114d826-98fb-49f8-8c55-1b36b031583e	f45554e0-95d1-483f-994c-a0c56617a3e5
559e3972-9d4e-41c3-9672-7aff6415bb27	f45554e0-95d1-483f-994c-a0c56617a3e5
8889d167-d79c-4a2f-81e1-3596ca6d0581	3a0854e1-df74-4917-ba7e-ac8dd130f9c9
8889d167-d79c-4a2f-81e1-3596ca6d0581	f45554e0-95d1-483f-994c-a0c56617a3e5
8889d167-d79c-4a2f-81e1-3596ca6d0581	9c949e7e-3de8-40c0-b5c1-64324be33389
e025a6bc-2849-4d66-842e-9c4d4a17b307	3a0854e1-df74-4917-ba7e-ac8dd130f9c9
a838f924-7110-4867-93c3-13f577288e56	cb5da69a-ea67-4bdd-b69c-191f46209cf3
a838f924-7110-4867-93c3-13f577288e56	3a0854e1-df74-4917-ba7e-ac8dd130f9c9
658714de-9ae6-421d-b0a9-d6e29fa1a306	3a0854e1-df74-4917-ba7e-ac8dd130f9c9
7e8dd1d9-9356-4a5c-b5a0-c3ea25649714	caaf1b46-dd86-4047-b2c6-ecdebfcfa94c
7e8dd1d9-9356-4a5c-b5a0-c3ea25649714	950a4d02-4c52-49cf-992f-18f13e551abb
310d880c-a8e5-4422-b7ec-4f145e1cf470	3a0854e1-df74-4917-ba7e-ac8dd130f9c9
9468adb2-91eb-46df-a5d7-4312b26ae77f	e2e6be8d-80c4-454e-977a-14b5f92c2502
6a2be400-9f15-48b8-babb-dbb4cdbb6f77	e2e6be8d-80c4-454e-977a-14b5f92c2502
6a2be400-9f15-48b8-babb-dbb4cdbb6f77	f573ecd9-db92-4a66-8760-c01d9110a448
6a2be400-9f15-48b8-babb-dbb4cdbb6f77	89e240be-943e-4198-8635-20359aed73c7
6a2be400-9f15-48b8-babb-dbb4cdbb6f77	f45554e0-95d1-483f-994c-a0c56617a3e5
43cb3814-855e-4c45-b251-b5dc2dd49579	424e6e69-4943-48dd-8da2-d19d25249cde
0cc17365-588e-457b-849e-72a4eb2db586	3a0854e1-df74-4917-ba7e-ac8dd130f9c9
0cc17365-588e-457b-849e-72a4eb2db586	bfd58c77-0f31-4025-b344-9fbce15cb362
0cc17365-588e-457b-849e-72a4eb2db586	f45554e0-95d1-483f-994c-a0c56617a3e5
c230be01-b660-4244-8bab-106488dca246	cb5da69a-ea67-4bdd-b69c-191f46209cf3
c230be01-b660-4244-8bab-106488dca246	da88ba55-8d28-4362-ade6-5be4e1da2033
c230be01-b660-4244-8bab-106488dca246	e757d51a-ef5e-4bc6-a3e1-ede4290fe0c1
c230be01-b660-4244-8bab-106488dca246	950a4d02-4c52-49cf-992f-18f13e551abb
93ff49a6-cfd1-43c6-930d-2b5681ec2d11	e2e6be8d-80c4-454e-977a-14b5f92c2502
93ff49a6-cfd1-43c6-930d-2b5681ec2d11	f45554e0-95d1-483f-994c-a0c56617a3e5
bf661a15-5c62-453a-8df1-a28e12062ff2	424e6e69-4943-48dd-8da2-d19d25249cde
bb38688f-effb-437a-bae5-6e7199bb2d76	3a0854e1-df74-4917-ba7e-ac8dd130f9c9
7ea507b8-51b1-43ec-94e5-ee2f462d42cb	f45554e0-95d1-483f-994c-a0c56617a3e5
24f75e21-f5cf-4dda-b45e-0110ba0d600b	f45554e0-95d1-483f-994c-a0c56617a3e5
24f75e21-f5cf-4dda-b45e-0110ba0d600b	e757d51a-ef5e-4bc6-a3e1-ede4290fe0c1
24f75e21-f5cf-4dda-b45e-0110ba0d600b	950a4d02-4c52-49cf-992f-18f13e551abb
71c93d2c-8346-46ee-9e4b-e9d21c561506	3a0854e1-df74-4917-ba7e-ac8dd130f9c9
225250b8-f453-4587-9ea7-671b9cf72505	3a0854e1-df74-4917-ba7e-ac8dd130f9c9
225250b8-f453-4587-9ea7-671b9cf72505	bfd58c77-0f31-4025-b344-9fbce15cb362
d8380f6d-20eb-4fb7-bc85-1c401f54f2be	3a0854e1-df74-4917-ba7e-ac8dd130f9c9
d8380f6d-20eb-4fb7-bc85-1c401f54f2be	bfd58c77-0f31-4025-b344-9fbce15cb362
d8380f6d-20eb-4fb7-bc85-1c401f54f2be	f45554e0-95d1-483f-994c-a0c56617a3e5
d8380f6d-20eb-4fb7-bc85-1c401f54f2be	0999254b-81b3-4933-b12a-ffe52fa992fc
d8380f6d-20eb-4fb7-bc85-1c401f54f2be	9c949e7e-3de8-40c0-b5c1-64324be33389
2a22b7a2-d776-4cca-8071-e22c82f9aa6b	424e6e69-4943-48dd-8da2-d19d25249cde
f0b721b8-66a5-46e2-9d0a-bfef2b3bd363	f45554e0-95d1-483f-994c-a0c56617a3e5
f0b721b8-66a5-46e2-9d0a-bfef2b3bd363	9c949e7e-3de8-40c0-b5c1-64324be33389
19a47ad7-9abf-4cd5-8eec-c08248357373	3a0854e1-df74-4917-ba7e-ac8dd130f9c9
dea57ba7-f0e2-47da-8a89-e82773da9c3b	f45554e0-95d1-483f-994c-a0c56617a3e5
2faf2649-5b41-47e6-b9e4-3246c6c949c6	424e6e69-4943-48dd-8da2-d19d25249cde
dd1cf87b-9061-423f-b450-bf6e46824968	424e6e69-4943-48dd-8da2-d19d25249cde
6139a8c0-95fa-4179-a525-ec063b3fb5f4	3a0854e1-df74-4917-ba7e-ac8dd130f9c9
d1d096dd-ee3f-4bb2-867b-1788eff033a4	3a0854e1-df74-4917-ba7e-ac8dd130f9c9
6b0963d2-3d28-4fa7-be40-f711c9ceeaa5	f45554e0-95d1-483f-994c-a0c56617a3e5
8ab83b0e-7638-4b4a-b686-a62e8a3945a6	424e6e69-4943-48dd-8da2-d19d25249cde
2a24f4a6-4dc4-456c-8e17-052c11994f88	f45554e0-95d1-483f-994c-a0c56617a3e5
2a24f4a6-4dc4-456c-8e17-052c11994f88	e757d51a-ef5e-4bc6-a3e1-ede4290fe0c1
45aea14f-cf7d-4a10-bca7-aba476254f15	f45554e0-95d1-483f-994c-a0c56617a3e5
45aea14f-cf7d-4a10-bca7-aba476254f15	9c949e7e-3de8-40c0-b5c1-64324be33389
e9babaa3-7e53-4437-9993-aa2e3cefd6ad	424e6e69-4943-48dd-8da2-d19d25249cde
e9babaa3-7e53-4437-9993-aa2e3cefd6ad	0999254b-81b3-4933-b12a-ffe52fa992fc
a457d8db-dd37-4a0f-80b6-0aab9c00f3d1	f45554e0-95d1-483f-994c-a0c56617a3e5
83c78473-9cd2-457f-8e1b-22fc4c74f081	e2e6be8d-80c4-454e-977a-14b5f92c2502
83c78473-9cd2-457f-8e1b-22fc4c74f081	3a0854e1-df74-4917-ba7e-ac8dd130f9c9
c3cc89e5-b94d-4844-ab21-7df5077d3a51	cb5da69a-ea67-4bdd-b69c-191f46209cf3
c3cc89e5-b94d-4844-ab21-7df5077d3a51	9c949e7e-3de8-40c0-b5c1-64324be33389
c3cc89e5-b94d-4844-ab21-7df5077d3a51	950a4d02-4c52-49cf-992f-18f13e551abb
5440fe7d-84d7-4e7a-a22b-6f42829675de	f45554e0-95d1-483f-994c-a0c56617a3e5
ba2f3ddb-607d-4942-a7f6-5da73246e76e	424e6e69-4943-48dd-8da2-d19d25249cde
15a3177d-30e4-44f9-b204-d0558e611e2c	424e6e69-4943-48dd-8da2-d19d25249cde
8d84905e-edc3-4b32-88ba-2ab3a876a268	424e6e69-4943-48dd-8da2-d19d25249cde
cde059a3-7b01-4e59-a891-6f0d2745c1b9	3a0854e1-df74-4917-ba7e-ac8dd130f9c9
cde059a3-7b01-4e59-a891-6f0d2745c1b9	9c949e7e-3de8-40c0-b5c1-64324be33389
bc35be40-33e3-4cbd-8019-bbef3b5b73c9	f45554e0-95d1-483f-994c-a0c56617a3e5
bc35be40-33e3-4cbd-8019-bbef3b5b73c9	9c949e7e-3de8-40c0-b5c1-64324be33389
c053c97a-c997-4e51-95d1-fca46267e133	caaf1b46-dd86-4047-b2c6-ecdebfcfa94c
c053c97a-c997-4e51-95d1-fca46267e133	950a4d02-4c52-49cf-992f-18f13e551abb
e8da9761-00a2-4972-ae71-78a9b56d812b	3a0854e1-df74-4917-ba7e-ac8dd130f9c9
31e251cb-771a-434c-bc3f-b30f6827886a	f45554e0-95d1-483f-994c-a0c56617a3e5
1e6a4359-07c0-4e62-9218-bc77e19289df	e757d51a-ef5e-4bc6-a3e1-ede4290fe0c1
1e6a4359-07c0-4e62-9218-bc77e19289df	a6f9afe2-c38d-4afd-91a6-0d0508cce315
1e6a4359-07c0-4e62-9218-bc77e19289df	950a4d02-4c52-49cf-992f-18f13e551abb
dba2448c-172b-4543-91d8-33a9bc1771dc	da88ba55-8d28-4362-ade6-5be4e1da2033
dba2448c-172b-4543-91d8-33a9bc1771dc	e757d51a-ef5e-4bc6-a3e1-ede4290fe0c1
dba2448c-172b-4543-91d8-33a9bc1771dc	caaf1b46-dd86-4047-b2c6-ecdebfcfa94c
1b5c41ee-7d39-4ece-83d6-e28a3b2cffa6	f45554e0-95d1-483f-994c-a0c56617a3e5
1b5c41ee-7d39-4ece-83d6-e28a3b2cffa6	9c949e7e-3de8-40c0-b5c1-64324be33389
92d24a68-dacf-45da-9eb0-4dcd57268195	cb5da69a-ea67-4bdd-b69c-191f46209cf3
92d24a68-dacf-45da-9eb0-4dcd57268195	bfd58c77-0f31-4025-b344-9fbce15cb362
79f238a6-2a62-4b71-99ce-5d9a884f69aa	f45554e0-95d1-483f-994c-a0c56617a3e5
79f238a6-2a62-4b71-99ce-5d9a884f69aa	9c949e7e-3de8-40c0-b5c1-64324be33389
c879e1aa-58fb-481e-91b8-f03d561b3977	bfd58c77-0f31-4025-b344-9fbce15cb362
c879e1aa-58fb-481e-91b8-f03d561b3977	caaf1b46-dd86-4047-b2c6-ecdebfcfa94c
c879e1aa-58fb-481e-91b8-f03d561b3977	950a4d02-4c52-49cf-992f-18f13e551abb
56c53982-b288-4308-8ece-1065fe369feb	cb5da69a-ea67-4bdd-b69c-191f46209cf3
56c53982-b288-4308-8ece-1065fe369feb	e2e6be8d-80c4-454e-977a-14b5f92c2502
56c53982-b288-4308-8ece-1065fe369feb	da88ba55-8d28-4362-ade6-5be4e1da2033
56c53982-b288-4308-8ece-1065fe369feb	a6f9afe2-c38d-4afd-91a6-0d0508cce315
56c53982-b288-4308-8ece-1065fe369feb	950a4d02-4c52-49cf-992f-18f13e551abb
aaf99bc4-78fb-444b-ac3c-11d2badf2b32	3a0854e1-df74-4917-ba7e-ac8dd130f9c9
aaf99bc4-78fb-444b-ac3c-11d2badf2b32	da88ba55-8d28-4362-ade6-5be4e1da2033
aaf99bc4-78fb-444b-ac3c-11d2badf2b32	9c949e7e-3de8-40c0-b5c1-64324be33389
b4f80deb-5054-4760-9cff-641e930f3340	424e6e69-4943-48dd-8da2-d19d25249cde
7bfc2dc2-523a-470c-adbf-81433e2a73c4	cb5da69a-ea67-4bdd-b69c-191f46209cf3
7461e136-4e4a-4261-9836-4f4a2d985f67	f45554e0-95d1-483f-994c-a0c56617a3e5
968f18fa-e600-4000-9cbf-e715b333f1e7	3a0854e1-df74-4917-ba7e-ac8dd130f9c9
8fb0e7c0-53eb-4341-9bc4-a65e3a9533dd	cb5da69a-ea67-4bdd-b69c-191f46209cf3
8fb0e7c0-53eb-4341-9bc4-a65e3a9533dd	ae6d98bb-cd0d-4526-b4e5-83f2a63096fa
e7e17c11-59ee-4071-a8bc-648eaa95380b	e2e6be8d-80c4-454e-977a-14b5f92c2502
e7e17c11-59ee-4071-a8bc-648eaa95380b	3a0854e1-df74-4917-ba7e-ac8dd130f9c9
178a6f5f-fb10-4a21-9a1f-f2ccb3bb7889	e757d51a-ef5e-4bc6-a3e1-ede4290fe0c1
6c811647-c22e-4176-b353-7b50ef34c920	f45554e0-95d1-483f-994c-a0c56617a3e5
50abe3f0-7b23-447a-bc98-815eda59cc62	e2e6be8d-80c4-454e-977a-14b5f92c2502
50abe3f0-7b23-447a-bc98-815eda59cc62	89e240be-943e-4198-8635-20359aed73c7
8ad9fa70-aba9-46f1-b64f-657f99e10c34	f45554e0-95d1-483f-994c-a0c56617a3e5
8ad9fa70-aba9-46f1-b64f-657f99e10c34	9c949e7e-3de8-40c0-b5c1-64324be33389
3a7c628f-af8b-440f-bec7-34c677b56ee0	f45554e0-95d1-483f-994c-a0c56617a3e5
3a7c628f-af8b-440f-bec7-34c677b56ee0	9c949e7e-3de8-40c0-b5c1-64324be33389
937eecb6-f63a-4c8d-aac9-4cad080ef24f	424e6e69-4943-48dd-8da2-d19d25249cde
8cf41a6a-3eec-426c-be1e-0a13c905e627	e757d51a-ef5e-4bc6-a3e1-ede4290fe0c1
8cf41a6a-3eec-426c-be1e-0a13c905e627	a6f9afe2-c38d-4afd-91a6-0d0508cce315
546ce91d-ae80-4e02-81e6-db4927c2fcbf	424e6e69-4943-48dd-8da2-d19d25249cde
ed6acb46-d01f-4e0c-9865-6aeceaa0bf4a	f45554e0-95d1-483f-994c-a0c56617a3e5
ed6acb46-d01f-4e0c-9865-6aeceaa0bf4a	e757d51a-ef5e-4bc6-a3e1-ede4290fe0c1
ed6acb46-d01f-4e0c-9865-6aeceaa0bf4a	caaf1b46-dd86-4047-b2c6-ecdebfcfa94c
0c9701ec-5143-4bb2-9699-b41cfd86d843	f45554e0-95d1-483f-994c-a0c56617a3e5
35de2dbc-da8a-48bc-8b6e-bed6136bd755	f45554e0-95d1-483f-994c-a0c56617a3e5
35de2dbc-da8a-48bc-8b6e-bed6136bd755	9c949e7e-3de8-40c0-b5c1-64324be33389
0af65d77-5528-48e3-9ba9-4f4500d8e7d3	3a0854e1-df74-4917-ba7e-ac8dd130f9c9
cd04a805-7b4e-4e15-91f2-6d37cd97ad1f	424e6e69-4943-48dd-8da2-d19d25249cde
54fa7fd0-ff91-4ac8-8a87-fd2b23035324	3a0854e1-df74-4917-ba7e-ac8dd130f9c9
54fa7fd0-ff91-4ac8-8a87-fd2b23035324	bfd58c77-0f31-4025-b344-9fbce15cb362
54fa7fd0-ff91-4ac8-8a87-fd2b23035324	caaf1b46-dd86-4047-b2c6-ecdebfcfa94c
15e0fb11-b5a5-43f4-aca9-4ce2c54385df	f45554e0-95d1-483f-994c-a0c56617a3e5
de3a7560-bbad-4b57-b07a-da5e3e52eeda	3a0854e1-df74-4917-ba7e-ac8dd130f9c9
de3a7560-bbad-4b57-b07a-da5e3e52eeda	f45554e0-95d1-483f-994c-a0c56617a3e5
de3a7560-bbad-4b57-b07a-da5e3e52eeda	9c949e7e-3de8-40c0-b5c1-64324be33389
f5d54a1e-2dd0-451a-9fd2-e0230bf62ea0	f45554e0-95d1-483f-994c-a0c56617a3e5
f5d54a1e-2dd0-451a-9fd2-e0230bf62ea0	e6ce39a2-4d09-47fd-adf6-9fae16c6eedc
6cba423d-11bd-4517-98bc-91be812da89c	bfd58c77-0f31-4025-b344-9fbce15cb362
6cba423d-11bd-4517-98bc-91be812da89c	f45554e0-95d1-483f-994c-a0c56617a3e5
6cba423d-11bd-4517-98bc-91be812da89c	9c949e7e-3de8-40c0-b5c1-64324be33389
2ab65d75-23b6-49c1-ad16-3980731cb3d9	3a0854e1-df74-4917-ba7e-ac8dd130f9c9
5a4e7f4e-80ce-4f5f-b4fa-6eb3fab500b1	424e6e69-4943-48dd-8da2-d19d25249cde
f102dbe8-a11c-4317-9296-0a59d11b3e21	e53ad64d-1476-428a-95d0-b2bfee89095d
3bb8d527-08e2-47f7-bac6-b335c1a92880	cb5da69a-ea67-4bdd-b69c-191f46209cf3
3bb8d527-08e2-47f7-bac6-b335c1a92880	f573ecd9-db92-4a66-8760-c01d9110a448
452dd0b4-6914-441b-b7d8-c524064d8d70	3a0854e1-df74-4917-ba7e-ac8dd130f9c9
773a0a6b-d9b0-4439-8650-278a77bcfcc4	cb5da69a-ea67-4bdd-b69c-191f46209cf3
773a0a6b-d9b0-4439-8650-278a77bcfcc4	e757d51a-ef5e-4bc6-a3e1-ede4290fe0c1
14648523-021b-43a1-be66-4aa9b744698f	f45554e0-95d1-483f-994c-a0c56617a3e5
14648523-021b-43a1-be66-4aa9b744698f	950a4d02-4c52-49cf-992f-18f13e551abb
d1cd9e1e-75f4-4374-81ea-e66f51bcd3b9	424e6e69-4943-48dd-8da2-d19d25249cde
e9c1c814-0557-4168-ae41-0340909017bd	bfd58c77-0f31-4025-b344-9fbce15cb362
e9c1c814-0557-4168-ae41-0340909017bd	f45554e0-95d1-483f-994c-a0c56617a3e5
e9c1c814-0557-4168-ae41-0340909017bd	caaf1b46-dd86-4047-b2c6-ecdebfcfa94c
e9c1c814-0557-4168-ae41-0340909017bd	950a4d02-4c52-49cf-992f-18f13e551abb
d0e5d2e2-2353-4d81-90fd-db2ead94a963	bfd58c77-0f31-4025-b344-9fbce15cb362
d0e5d2e2-2353-4d81-90fd-db2ead94a963	f45554e0-95d1-483f-994c-a0c56617a3e5
d0e5d2e2-2353-4d81-90fd-db2ead94a963	e53ad64d-1476-428a-95d0-b2bfee89095d
c96a1bce-7d97-42f7-bfe9-58e0d6b3b10c	e757d51a-ef5e-4bc6-a3e1-ede4290fe0c1
c96a1bce-7d97-42f7-bfe9-58e0d6b3b10c	950a4d02-4c52-49cf-992f-18f13e551abb
8241b0ed-1f37-40e7-9427-4875704a9f93	3a0854e1-df74-4917-ba7e-ac8dd130f9c9
053259c8-e175-4966-b0fc-39c57fc63351	bfd58c77-0f31-4025-b344-9fbce15cb362
053259c8-e175-4966-b0fc-39c57fc63351	e53ad64d-1476-428a-95d0-b2bfee89095d
053259c8-e175-4966-b0fc-39c57fc63351	950a4d02-4c52-49cf-992f-18f13e551abb
2da670aa-2bc6-4e91-ad51-b59e2dc462f5	f45554e0-95d1-483f-994c-a0c56617a3e5
c97069de-4daa-4e7e-93a9-0326361d95e3	bfd58c77-0f31-4025-b344-9fbce15cb362
c97069de-4daa-4e7e-93a9-0326361d95e3	f45554e0-95d1-483f-994c-a0c56617a3e5
bc5239c9-0516-4871-b4d6-d4f8671a24dd	3a0854e1-df74-4917-ba7e-ac8dd130f9c9
ed1ef9d0-6e73-4a88-b974-3e47ea72adb6	3a0854e1-df74-4917-ba7e-ac8dd130f9c9
ed1ef9d0-6e73-4a88-b974-3e47ea72adb6	bfd58c77-0f31-4025-b344-9fbce15cb362
ed1ef9d0-6e73-4a88-b974-3e47ea72adb6	f45554e0-95d1-483f-994c-a0c56617a3e5
ed1ef9d0-6e73-4a88-b974-3e47ea72adb6	950a4d02-4c52-49cf-992f-18f13e551abb
b6a22149-6882-44db-a49d-831e28406ec6	f45554e0-95d1-483f-994c-a0c56617a3e5
b6a22149-6882-44db-a49d-831e28406ec6	da88ba55-8d28-4362-ade6-5be4e1da2033
493fa2c6-6e15-46ab-97c8-9327914095cd	3a0854e1-df74-4917-ba7e-ac8dd130f9c9
1436d1dd-c214-4f73-bbc9-1ec8ec015dd8	3a0854e1-df74-4917-ba7e-ac8dd130f9c9
1436d1dd-c214-4f73-bbc9-1ec8ec015dd8	bfd58c77-0f31-4025-b344-9fbce15cb362
fde018c4-33de-41e4-b4a0-ff277cd42654	f45554e0-95d1-483f-994c-a0c56617a3e5
fde018c4-33de-41e4-b4a0-ff277cd42654	e6ce39a2-4d09-47fd-adf6-9fae16c6eedc
3123ea3c-a08c-4c6a-81f6-e9c6ff350910	3a0854e1-df74-4917-ba7e-ac8dd130f9c9
3123ea3c-a08c-4c6a-81f6-e9c6ff350910	f45554e0-95d1-483f-994c-a0c56617a3e5
3123ea3c-a08c-4c6a-81f6-e9c6ff350910	9c949e7e-3de8-40c0-b5c1-64324be33389
535b66be-0ff8-4107-bba9-ce96d8335f27	3a0854e1-df74-4917-ba7e-ac8dd130f9c9
535b66be-0ff8-4107-bba9-ce96d8335f27	f45554e0-95d1-483f-994c-a0c56617a3e5
79b0577d-d7d2-4ef9-8ac7-f8a80e367e01	cb5da69a-ea67-4bdd-b69c-191f46209cf3
79b0577d-d7d2-4ef9-8ac7-f8a80e367e01	e2e6be8d-80c4-454e-977a-14b5f92c2502
79b0577d-d7d2-4ef9-8ac7-f8a80e367e01	950a4d02-4c52-49cf-992f-18f13e551abb
2d1097ef-5427-49fb-8d10-755c673e1325	3a0854e1-df74-4917-ba7e-ac8dd130f9c9
2d1097ef-5427-49fb-8d10-755c673e1325	f45554e0-95d1-483f-994c-a0c56617a3e5
2d1097ef-5427-49fb-8d10-755c673e1325	0999254b-81b3-4933-b12a-ffe52fa992fc
95901db6-d542-4197-a2e6-dd9b87c34fb5	424e6e69-4943-48dd-8da2-d19d25249cde
60f09cb4-7c04-428b-81a5-ffac52c1d43e	f45554e0-95d1-483f-994c-a0c56617a3e5
60f09cb4-7c04-428b-81a5-ffac52c1d43e	caaf1b46-dd86-4047-b2c6-ecdebfcfa94c
4c7035c5-7bec-4c69-b3fa-9fb7507e7e53	bfd58c77-0f31-4025-b344-9fbce15cb362
4c7035c5-7bec-4c69-b3fa-9fb7507e7e53	f45554e0-95d1-483f-994c-a0c56617a3e5
4c7035c5-7bec-4c69-b3fa-9fb7507e7e53	caaf1b46-dd86-4047-b2c6-ecdebfcfa94c
80951174-98de-4cfc-b08d-051632bb24f1	f45554e0-95d1-483f-994c-a0c56617a3e5
758a614c-43ce-419d-a982-5703176c5310	e757d51a-ef5e-4bc6-a3e1-ede4290fe0c1
758a614c-43ce-419d-a982-5703176c5310	950a4d02-4c52-49cf-992f-18f13e551abb
a2fa60af-d72d-4eb2-a83b-db8cdec9b2a1	bfd58c77-0f31-4025-b344-9fbce15cb362
a2fa60af-d72d-4eb2-a83b-db8cdec9b2a1	f45554e0-95d1-483f-994c-a0c56617a3e5
a2fa60af-d72d-4eb2-a83b-db8cdec9b2a1	950a4d02-4c52-49cf-992f-18f13e551abb
3f236138-1c97-4bde-aa17-2a090cc7907e	f45554e0-95d1-483f-994c-a0c56617a3e5
1f4a7d57-2632-4965-9b65-eb0661c74f6e	f45554e0-95d1-483f-994c-a0c56617a3e5
1f4a7d57-2632-4965-9b65-eb0661c74f6e	9c949e7e-3de8-40c0-b5c1-64324be33389
de55ecd0-4086-4b42-a208-52e499c8bbbf	e757d51a-ef5e-4bc6-a3e1-ede4290fe0c1
d2eaf0b0-49ee-40ec-8a4c-21d739c5d2cf	bfd58c77-0f31-4025-b344-9fbce15cb362
91be85b9-6f82-484b-a309-251def2c059f	3a0854e1-df74-4917-ba7e-ac8dd130f9c9
91be85b9-6f82-484b-a309-251def2c059f	a6f9afe2-c38d-4afd-91a6-0d0508cce315
f7e98bdc-9e99-482c-a832-5892be2fa4f4	cb5da69a-ea67-4bdd-b69c-191f46209cf3
f7e98bdc-9e99-482c-a832-5892be2fa4f4	e2e6be8d-80c4-454e-977a-14b5f92c2502
f7e98bdc-9e99-482c-a832-5892be2fa4f4	f573ecd9-db92-4a66-8760-c01d9110a448
f7e98bdc-9e99-482c-a832-5892be2fa4f4	89e240be-943e-4198-8635-20359aed73c7
f7e98bdc-9e99-482c-a832-5892be2fa4f4	3a0854e1-df74-4917-ba7e-ac8dd130f9c9
f7e98bdc-9e99-482c-a832-5892be2fa4f4	da88ba55-8d28-4362-ade6-5be4e1da2033
3f59e9e5-c15a-49af-be40-641a5d4de7bd	f45554e0-95d1-483f-994c-a0c56617a3e5
0e859cef-62ea-4c84-8696-103f18b40acb	bfd58c77-0f31-4025-b344-9fbce15cb362
0e859cef-62ea-4c84-8696-103f18b40acb	950a4d02-4c52-49cf-992f-18f13e551abb
3bac6f6f-2e4e-4e7b-895f-db1a755f5605	e757d51a-ef5e-4bc6-a3e1-ede4290fe0c1
3bac6f6f-2e4e-4e7b-895f-db1a755f5605	caaf1b46-dd86-4047-b2c6-ecdebfcfa94c
9f1eadc4-e357-4540-9219-dba65ea8a7b9	ae6d98bb-cd0d-4526-b4e5-83f2a63096fa
532c546e-faee-4f7d-b215-f1af40aa399c	3a0854e1-df74-4917-ba7e-ac8dd130f9c9
532c546e-faee-4f7d-b215-f1af40aa399c	0999254b-81b3-4933-b12a-ffe52fa992fc
0482f5e4-c0bd-4e91-98d2-fe031ef3c03f	3a0854e1-df74-4917-ba7e-ac8dd130f9c9
0482f5e4-c0bd-4e91-98d2-fe031ef3c03f	f45554e0-95d1-483f-994c-a0c56617a3e5
a735bc95-0864-44f4-8622-0cb505186157	cb5da69a-ea67-4bdd-b69c-191f46209cf3
a735bc95-0864-44f4-8622-0cb505186157	f573ecd9-db92-4a66-8760-c01d9110a448
a735bc95-0864-44f4-8622-0cb505186157	a6f9afe2-c38d-4afd-91a6-0d0508cce315
a735bc95-0864-44f4-8622-0cb505186157	e6ce39a2-4d09-47fd-adf6-9fae16c6eedc
1a91bdc3-a663-4903-b111-9d25ac8640be	3a0854e1-df74-4917-ba7e-ac8dd130f9c9
1a91bdc3-a663-4903-b111-9d25ac8640be	f45554e0-95d1-483f-994c-a0c56617a3e5
1a91bdc3-a663-4903-b111-9d25ac8640be	9c949e7e-3de8-40c0-b5c1-64324be33389
843f6300-c08e-45cc-8073-b96d59a683c6	cb5da69a-ea67-4bdd-b69c-191f46209cf3
843f6300-c08e-45cc-8073-b96d59a683c6	3a0854e1-df74-4917-ba7e-ac8dd130f9c9
843f6300-c08e-45cc-8073-b96d59a683c6	9c949e7e-3de8-40c0-b5c1-64324be33389
3e5ecce1-d4f7-4f05-ae24-31caea7189ef	f45554e0-95d1-483f-994c-a0c56617a3e5
0caf1cce-5ce4-46d4-bce4-805e70810d06	0999254b-81b3-4933-b12a-ffe52fa992fc
7baa7830-d38b-4de2-8b60-4f68475bbf47	cb5da69a-ea67-4bdd-b69c-191f46209cf3
7baa7830-d38b-4de2-8b60-4f68475bbf47	e2e6be8d-80c4-454e-977a-14b5f92c2502
14f75d1d-8008-4993-8d77-93d6aa8cf712	3a0854e1-df74-4917-ba7e-ac8dd130f9c9
14f75d1d-8008-4993-8d77-93d6aa8cf712	f45554e0-95d1-483f-994c-a0c56617a3e5
7485d05d-706c-4e3d-8ab6-a48b3e60f09a	f45554e0-95d1-483f-994c-a0c56617a3e5
7485d05d-706c-4e3d-8ab6-a48b3e60f09a	9c949e7e-3de8-40c0-b5c1-64324be33389
a5b312cf-4b59-424d-8a35-6b9b39a055c5	cb5da69a-ea67-4bdd-b69c-191f46209cf3
a5b312cf-4b59-424d-8a35-6b9b39a055c5	bfd58c77-0f31-4025-b344-9fbce15cb362
a5b312cf-4b59-424d-8a35-6b9b39a055c5	950a4d02-4c52-49cf-992f-18f13e551abb
9beac826-9c06-49b5-b0d9-f157d4799899	cb5da69a-ea67-4bdd-b69c-191f46209cf3
9beac826-9c06-49b5-b0d9-f157d4799899	3a0854e1-df74-4917-ba7e-ac8dd130f9c9
9beac826-9c06-49b5-b0d9-f157d4799899	bfd58c77-0f31-4025-b344-9fbce15cb362
9beac826-9c06-49b5-b0d9-f157d4799899	950a4d02-4c52-49cf-992f-18f13e551abb
9a9707ff-f0b1-4cc8-a33b-ac46592e99c7	3a0854e1-df74-4917-ba7e-ac8dd130f9c9
9a9707ff-f0b1-4cc8-a33b-ac46592e99c7	e757d51a-ef5e-4bc6-a3e1-ede4290fe0c1
ba783e00-0ded-40c9-9119-b95ca63bda21	f45554e0-95d1-483f-994c-a0c56617a3e5
839fdc9a-bed5-46ae-8be4-0fd9fc7ff4c6	cb5da69a-ea67-4bdd-b69c-191f46209cf3
839fdc9a-bed5-46ae-8be4-0fd9fc7ff4c6	e2e6be8d-80c4-454e-977a-14b5f92c2502
839fdc9a-bed5-46ae-8be4-0fd9fc7ff4c6	f45554e0-95d1-483f-994c-a0c56617a3e5
839fdc9a-bed5-46ae-8be4-0fd9fc7ff4c6	950a4d02-4c52-49cf-992f-18f13e551abb
839fdc9a-bed5-46ae-8be4-0fd9fc7ff4c6	e6ce39a2-4d09-47fd-adf6-9fae16c6eedc
21419110-d186-482b-9df9-bb465b7c41d1	bfd58c77-0f31-4025-b344-9fbce15cb362
21419110-d186-482b-9df9-bb465b7c41d1	950a4d02-4c52-49cf-992f-18f13e551abb
10f8c645-ce96-4789-a4c7-ea1f5f136d75	3a0854e1-df74-4917-ba7e-ac8dd130f9c9
e5c8ec0c-70c3-4f62-92af-1fe19ba23aec	3a0854e1-df74-4917-ba7e-ac8dd130f9c9
e5c8ec0c-70c3-4f62-92af-1fe19ba23aec	f45554e0-95d1-483f-994c-a0c56617a3e5
8c19faaf-8e58-43b3-be8d-6460d0709a3d	f45554e0-95d1-483f-994c-a0c56617a3e5
18d44953-28a6-47b1-b221-2903b6e4c4b9	f45554e0-95d1-483f-994c-a0c56617a3e5
76ce56ed-db95-413b-87cd-eb20cac61197	3a0854e1-df74-4917-ba7e-ac8dd130f9c9
76ce56ed-db95-413b-87cd-eb20cac61197	9c949e7e-3de8-40c0-b5c1-64324be33389
76ce56ed-db95-413b-87cd-eb20cac61197	e6ce39a2-4d09-47fd-adf6-9fae16c6eedc
23ffaabe-0d75-4c38-a895-a3d021e3f70c	e2e6be8d-80c4-454e-977a-14b5f92c2502
23ffaabe-0d75-4c38-a895-a3d021e3f70c	a6f9afe2-c38d-4afd-91a6-0d0508cce315
0286959f-4e22-4c08-adee-d5ef031fcb5c	f45554e0-95d1-483f-994c-a0c56617a3e5
163dcaea-92c3-4d26-afff-d957f4578373	3a0854e1-df74-4917-ba7e-ac8dd130f9c9
163dcaea-92c3-4d26-afff-d957f4578373	f45554e0-95d1-483f-994c-a0c56617a3e5
163dcaea-92c3-4d26-afff-d957f4578373	9c949e7e-3de8-40c0-b5c1-64324be33389
b3ac9049-cac9-4ddc-af04-78e6ff26868a	f45554e0-95d1-483f-994c-a0c56617a3e5
2f9bb9b7-0e23-4f38-ae41-1af2d87c8243	3a0854e1-df74-4917-ba7e-ac8dd130f9c9
2f9bb9b7-0e23-4f38-ae41-1af2d87c8243	e757d51a-ef5e-4bc6-a3e1-ede4290fe0c1
16731fac-762c-4b15-9c68-77531b3a3d34	3a0854e1-df74-4917-ba7e-ac8dd130f9c9
16731fac-762c-4b15-9c68-77531b3a3d34	e757d51a-ef5e-4bc6-a3e1-ede4290fe0c1
16731fac-762c-4b15-9c68-77531b3a3d34	950a4d02-4c52-49cf-992f-18f13e551abb
b33102ef-d37e-4c8b-a88d-2f5e8f4c4fa0	424e6e69-4943-48dd-8da2-d19d25249cde
9d7f7925-0cca-4dff-9776-f22625f8f01c	3a0854e1-df74-4917-ba7e-ac8dd130f9c9
9d7f7925-0cca-4dff-9776-f22625f8f01c	f45554e0-95d1-483f-994c-a0c56617a3e5
f1b4ee4b-a623-4c41-bfbe-7882d0de3918	cb5da69a-ea67-4bdd-b69c-191f46209cf3
f1b4ee4b-a623-4c41-bfbe-7882d0de3918	e2e6be8d-80c4-454e-977a-14b5f92c2502
f1b4ee4b-a623-4c41-bfbe-7882d0de3918	f573ecd9-db92-4a66-8760-c01d9110a448
e2514bba-2268-4f16-9281-66ce6cce9367	f45554e0-95d1-483f-994c-a0c56617a3e5
72797a2c-fdf5-4724-a9e6-9e2f58bcb513	f45554e0-95d1-483f-994c-a0c56617a3e5
72797a2c-fdf5-4724-a9e6-9e2f58bcb513	9c949e7e-3de8-40c0-b5c1-64324be33389
1ad954bf-87f1-4304-9fc3-4da7d086e769	f45554e0-95d1-483f-994c-a0c56617a3e5
058b5f87-3444-4c5f-83a6-695880affbf9	f45554e0-95d1-483f-994c-a0c56617a3e5
4fc4eb9f-8667-4758-b9fb-972f40f0672e	f45554e0-95d1-483f-994c-a0c56617a3e5
4fc4eb9f-8667-4758-b9fb-972f40f0672e	e757d51a-ef5e-4bc6-a3e1-ede4290fe0c1
10f22c52-1819-44f6-bcb1-493e139c1884	f45554e0-95d1-483f-994c-a0c56617a3e5
aa2c663d-7b58-456a-9713-56bb7ca00590	f45554e0-95d1-483f-994c-a0c56617a3e5
ada44f40-e271-4143-b2f6-5027e9719ecd	cb5da69a-ea67-4bdd-b69c-191f46209cf3
ada44f40-e271-4143-b2f6-5027e9719ecd	bfd58c77-0f31-4025-b344-9fbce15cb362
ada44f40-e271-4143-b2f6-5027e9719ecd	f45554e0-95d1-483f-994c-a0c56617a3e5
f7816bca-322c-4666-9c3c-4e7fa814d3d9	f45554e0-95d1-483f-994c-a0c56617a3e5
d569d6d8-f305-469f-b239-d397b6f68f87	f45554e0-95d1-483f-994c-a0c56617a3e5
d454ab65-20c4-46d6-9dc2-89582bfa358a	f45554e0-95d1-483f-994c-a0c56617a3e5
d454ab65-20c4-46d6-9dc2-89582bfa358a	950a4d02-4c52-49cf-992f-18f13e551abb
91a7e6ab-a83c-4454-b10e-72ca0d91704d	e757d51a-ef5e-4bc6-a3e1-ede4290fe0c1
91a7e6ab-a83c-4454-b10e-72ca0d91704d	950a4d02-4c52-49cf-992f-18f13e551abb
03f5cf58-9ef1-414d-a5f7-ba2407b92d9e	e757d51a-ef5e-4bc6-a3e1-ede4290fe0c1
5463c084-c5a6-46ae-9bc9-48f345551184	f45554e0-95d1-483f-994c-a0c56617a3e5
5463c084-c5a6-46ae-9bc9-48f345551184	950a4d02-4c52-49cf-992f-18f13e551abb
9e005b6a-72da-426e-9136-cffc460a5af3	3a0854e1-df74-4917-ba7e-ac8dd130f9c9
f5b25132-fab7-4738-ab45-c6fab41ca2d0	cb5da69a-ea67-4bdd-b69c-191f46209cf3
bd4cd6a9-09ad-4b67-8021-8edcd6613052	3a0854e1-df74-4917-ba7e-ac8dd130f9c9
bd4cd6a9-09ad-4b67-8021-8edcd6613052	0999254b-81b3-4933-b12a-ffe52fa992fc
bd4cd6a9-09ad-4b67-8021-8edcd6613052	9c949e7e-3de8-40c0-b5c1-64324be33389
02e3ffd8-9411-4291-845c-2b474e2c2b10	f45554e0-95d1-483f-994c-a0c56617a3e5
02e3ffd8-9411-4291-845c-2b474e2c2b10	950a4d02-4c52-49cf-992f-18f13e551abb
2ed6a215-dd36-4484-bba5-a32f2236a080	e757d51a-ef5e-4bc6-a3e1-ede4290fe0c1
87d387cc-6935-4c3d-8f18-1a076f04826a	3a0854e1-df74-4917-ba7e-ac8dd130f9c9
61499438-79cc-4196-b9ab-1d9cf763d89c	cb5da69a-ea67-4bdd-b69c-191f46209cf3
61499438-79cc-4196-b9ab-1d9cf763d89c	3a0854e1-df74-4917-ba7e-ac8dd130f9c9
7acfb839-db09-4bb1-9118-3885907035ab	e2e6be8d-80c4-454e-977a-14b5f92c2502
7acfb839-db09-4bb1-9118-3885907035ab	f573ecd9-db92-4a66-8760-c01d9110a448
7acfb839-db09-4bb1-9118-3885907035ab	89e240be-943e-4198-8635-20359aed73c7
7acfb839-db09-4bb1-9118-3885907035ab	3a0854e1-df74-4917-ba7e-ac8dd130f9c9
0c29b616-e56e-4027-91b5-131ac83c5660	950a4d02-4c52-49cf-992f-18f13e551abb
8ecc9f35-c2de-4094-b8f2-c94e38298b3b	3a0854e1-df74-4917-ba7e-ac8dd130f9c9
8ecc9f35-c2de-4094-b8f2-c94e38298b3b	f45554e0-95d1-483f-994c-a0c56617a3e5
c388f7e7-28eb-4404-a01b-dfd237ea2f62	e757d51a-ef5e-4bc6-a3e1-ede4290fe0c1
ba9a3cc1-796e-4fa9-b2b7-2bfcce5e3d87	f45554e0-95d1-483f-994c-a0c56617a3e5
ba9a3cc1-796e-4fa9-b2b7-2bfcce5e3d87	caaf1b46-dd86-4047-b2c6-ecdebfcfa94c
ba9a3cc1-796e-4fa9-b2b7-2bfcce5e3d87	950a4d02-4c52-49cf-992f-18f13e551abb
796283a8-929f-4cc0-b1c5-6fc77a95faa5	cb5da69a-ea67-4bdd-b69c-191f46209cf3
796283a8-929f-4cc0-b1c5-6fc77a95faa5	bfd58c77-0f31-4025-b344-9fbce15cb362
796283a8-929f-4cc0-b1c5-6fc77a95faa5	a6f9afe2-c38d-4afd-91a6-0d0508cce315
796283a8-929f-4cc0-b1c5-6fc77a95faa5	950a4d02-4c52-49cf-992f-18f13e551abb
901cd154-1091-4172-b172-ed276bd07cde	424e6e69-4943-48dd-8da2-d19d25249cde
6ea3497a-88fa-4361-8526-1d2db44108d2	3a0854e1-df74-4917-ba7e-ac8dd130f9c9
6ea3497a-88fa-4361-8526-1d2db44108d2	f45554e0-95d1-483f-994c-a0c56617a3e5
795f9c00-e59f-425c-829d-bcc30c218e7f	a6f9afe2-c38d-4afd-91a6-0d0508cce315
7bf451da-d7f2-49bd-8800-65c2c5719a99	f45554e0-95d1-483f-994c-a0c56617a3e5
03f9521f-3df8-4197-801f-ab23c69ffe55	3a0854e1-df74-4917-ba7e-ac8dd130f9c9
03f9521f-3df8-4197-801f-ab23c69ffe55	f45554e0-95d1-483f-994c-a0c56617a3e5
79e45b1d-e8db-43e7-a034-e385fbb13e05	f45554e0-95d1-483f-994c-a0c56617a3e5
79e45b1d-e8db-43e7-a034-e385fbb13e05	9c949e7e-3de8-40c0-b5c1-64324be33389
279e7edd-3dd6-48a3-b959-a3940e559488	3a0854e1-df74-4917-ba7e-ac8dd130f9c9
279e7edd-3dd6-48a3-b959-a3940e559488	bfd58c77-0f31-4025-b344-9fbce15cb362
4f1a713f-ff29-488f-9735-b1e11b82ed09	f45554e0-95d1-483f-994c-a0c56617a3e5
0d9368a0-3c49-4ccf-95bd-7b349555837e	cb5da69a-ea67-4bdd-b69c-191f46209cf3
0d9368a0-3c49-4ccf-95bd-7b349555837e	f45554e0-95d1-483f-994c-a0c56617a3e5
0d9368a0-3c49-4ccf-95bd-7b349555837e	9c949e7e-3de8-40c0-b5c1-64324be33389
aafa4c8a-e437-4795-a12f-5779c4e989ca	e2e6be8d-80c4-454e-977a-14b5f92c2502
aafa4c8a-e437-4795-a12f-5779c4e989ca	da88ba55-8d28-4362-ade6-5be4e1da2033
fb0e6f47-a75e-4fe3-affd-aa03e31a9220	f45554e0-95d1-483f-994c-a0c56617a3e5
fb0e6f47-a75e-4fe3-affd-aa03e31a9220	950a4d02-4c52-49cf-992f-18f13e551abb
fb0e6f47-a75e-4fe3-affd-aa03e31a9220	e6ce39a2-4d09-47fd-adf6-9fae16c6eedc
d3053871-6ae0-4984-8dae-4d064f12528a	f45554e0-95d1-483f-994c-a0c56617a3e5
d3053871-6ae0-4984-8dae-4d064f12528a	0999254b-81b3-4933-b12a-ffe52fa992fc
b0d2ee9c-58c4-4317-9cf4-30a2ed305c48	424e6e69-4943-48dd-8da2-d19d25249cde
cbb51fa3-5077-4d1c-9f00-c3ab5c410dad	cb5da69a-ea67-4bdd-b69c-191f46209cf3
cbb51fa3-5077-4d1c-9f00-c3ab5c410dad	e2e6be8d-80c4-454e-977a-14b5f92c2502
cbb51fa3-5077-4d1c-9f00-c3ab5c410dad	3a0854e1-df74-4917-ba7e-ac8dd130f9c9
cbb51fa3-5077-4d1c-9f00-c3ab5c410dad	bfd58c77-0f31-4025-b344-9fbce15cb362
cbb51fa3-5077-4d1c-9f00-c3ab5c410dad	f45554e0-95d1-483f-994c-a0c56617a3e5
de8197f6-b497-4db2-8efe-e71a6a89c473	e757d51a-ef5e-4bc6-a3e1-ede4290fe0c1
de8197f6-b497-4db2-8efe-e71a6a89c473	950a4d02-4c52-49cf-992f-18f13e551abb
143f5e96-0e12-4920-bba2-bc08d8875278	cb5da69a-ea67-4bdd-b69c-191f46209cf3
143f5e96-0e12-4920-bba2-bc08d8875278	e2e6be8d-80c4-454e-977a-14b5f92c2502
5854e561-ba53-4d02-9797-64b8734428d4	9c949e7e-3de8-40c0-b5c1-64324be33389
5854e561-ba53-4d02-9797-64b8734428d4	ae6d98bb-cd0d-4526-b4e5-83f2a63096fa
1d772733-cca3-4236-be3e-5ade5f43e5e1	f45554e0-95d1-483f-994c-a0c56617a3e5
b6014fca-d272-405d-aa97-d7420e05823b	f45554e0-95d1-483f-994c-a0c56617a3e5
b6014fca-d272-405d-aa97-d7420e05823b	e6ce39a2-4d09-47fd-adf6-9fae16c6eedc
dc7599e3-c89f-4ea4-88a0-315e73f30085	cb5da69a-ea67-4bdd-b69c-191f46209cf3
dc7599e3-c89f-4ea4-88a0-315e73f30085	e2e6be8d-80c4-454e-977a-14b5f92c2502
dc7599e3-c89f-4ea4-88a0-315e73f30085	f45554e0-95d1-483f-994c-a0c56617a3e5
dc7599e3-c89f-4ea4-88a0-315e73f30085	e6ce39a2-4d09-47fd-adf6-9fae16c6eedc
fcab634f-e409-4e44-ad1e-9a2fa644a622	f573ecd9-db92-4a66-8760-c01d9110a448
fcab634f-e409-4e44-ad1e-9a2fa644a622	89e240be-943e-4198-8635-20359aed73c7
fcab634f-e409-4e44-ad1e-9a2fa644a622	3a0854e1-df74-4917-ba7e-ac8dd130f9c9
48b12471-304d-4a48-b5ff-3bc6af1a4630	3a0854e1-df74-4917-ba7e-ac8dd130f9c9
48b12471-304d-4a48-b5ff-3bc6af1a4630	9c949e7e-3de8-40c0-b5c1-64324be33389
f629163a-0ee9-4a27-9574-9a15ae549edc	f45554e0-95d1-483f-994c-a0c56617a3e5
a87dd4d3-d915-4702-99a8-ea90d76a9089	424e6e69-4943-48dd-8da2-d19d25249cde
80ceb017-0349-4bfd-9be7-1a6bd4a1f410	3a0854e1-df74-4917-ba7e-ac8dd130f9c9
a0a020fe-fd9f-4717-b2ef-4fda124f14cd	3a0854e1-df74-4917-ba7e-ac8dd130f9c9
a0a020fe-fd9f-4717-b2ef-4fda124f14cd	9c949e7e-3de8-40c0-b5c1-64324be33389
4246ffd7-a84e-49d4-9979-451ed969571f	bfd58c77-0f31-4025-b344-9fbce15cb362
4246ffd7-a84e-49d4-9979-451ed969571f	f45554e0-95d1-483f-994c-a0c56617a3e5
18ba0aaf-b7d5-489c-aab9-bc59f522be1f	cb5da69a-ea67-4bdd-b69c-191f46209cf3
18ba0aaf-b7d5-489c-aab9-bc59f522be1f	e2e6be8d-80c4-454e-977a-14b5f92c2502
18ba0aaf-b7d5-489c-aab9-bc59f522be1f	3a0854e1-df74-4917-ba7e-ac8dd130f9c9
18ba0aaf-b7d5-489c-aab9-bc59f522be1f	da88ba55-8d28-4362-ade6-5be4e1da2033
18ba0aaf-b7d5-489c-aab9-bc59f522be1f	caaf1b46-dd86-4047-b2c6-ecdebfcfa94c
89e567c4-5bca-4811-a69a-2b91ff1f61c4	3a0854e1-df74-4917-ba7e-ac8dd130f9c9
89e567c4-5bca-4811-a69a-2b91ff1f61c4	ae6d98bb-cd0d-4526-b4e5-83f2a63096fa
35c4e538-240e-49ea-b56b-3da990cd35f0	e2e6be8d-80c4-454e-977a-14b5f92c2502
35c4e538-240e-49ea-b56b-3da990cd35f0	e757d51a-ef5e-4bc6-a3e1-ede4290fe0c1
35c4e538-240e-49ea-b56b-3da990cd35f0	caaf1b46-dd86-4047-b2c6-ecdebfcfa94c
35c4e538-240e-49ea-b56b-3da990cd35f0	950a4d02-4c52-49cf-992f-18f13e551abb
9bce8771-bd81-4526-aa1b-ac34d5310fe2	cb5da69a-ea67-4bdd-b69c-191f46209cf3
9bce8771-bd81-4526-aa1b-ac34d5310fe2	bfd58c77-0f31-4025-b344-9fbce15cb362
9bce8771-bd81-4526-aa1b-ac34d5310fe2	e757d51a-ef5e-4bc6-a3e1-ede4290fe0c1
c51c4806-b0c4-444d-8b11-212e1de624ad	e2e6be8d-80c4-454e-977a-14b5f92c2502
c51c4806-b0c4-444d-8b11-212e1de624ad	bfd58c77-0f31-4025-b344-9fbce15cb362
c51c4806-b0c4-444d-8b11-212e1de624ad	950a4d02-4c52-49cf-992f-18f13e551abb
7e272a8a-ec64-4e1c-9c33-d872b431a77d	f45554e0-95d1-483f-994c-a0c56617a3e5
7e272a8a-ec64-4e1c-9c33-d872b431a77d	da88ba55-8d28-4362-ade6-5be4e1da2033
23646c69-b32e-48ca-8ecb-365fa4692b96	e2e6be8d-80c4-454e-977a-14b5f92c2502
23646c69-b32e-48ca-8ecb-365fa4692b96	3a0854e1-df74-4917-ba7e-ac8dd130f9c9
d00cbcc1-ac68-4b2a-802f-585cd79323ab	cb5da69a-ea67-4bdd-b69c-191f46209cf3
d00cbcc1-ac68-4b2a-802f-585cd79323ab	bfd58c77-0f31-4025-b344-9fbce15cb362
d00cbcc1-ac68-4b2a-802f-585cd79323ab	950a4d02-4c52-49cf-992f-18f13e551abb
cbc8e407-80a9-4473-bf34-2be13678df28	3a0854e1-df74-4917-ba7e-ac8dd130f9c9
cbc8e407-80a9-4473-bf34-2be13678df28	9c949e7e-3de8-40c0-b5c1-64324be33389
66bd05c9-a5bb-407f-8e8e-4b209c277c02	cb5da69a-ea67-4bdd-b69c-191f46209cf3
66bd05c9-a5bb-407f-8e8e-4b209c277c02	e2e6be8d-80c4-454e-977a-14b5f92c2502
66bd05c9-a5bb-407f-8e8e-4b209c277c02	a6f9afe2-c38d-4afd-91a6-0d0508cce315
4d4b6381-6542-4d43-b260-5f2a895e2f00	cb5da69a-ea67-4bdd-b69c-191f46209cf3
4d4b6381-6542-4d43-b260-5f2a895e2f00	f45554e0-95d1-483f-994c-a0c56617a3e5
6e5d629b-2158-4100-b115-b8f5e4ed64f5	9c949e7e-3de8-40c0-b5c1-64324be33389
6e5d629b-2158-4100-b115-b8f5e4ed64f5	ae6d98bb-cd0d-4526-b4e5-83f2a63096fa
3e5d7f01-fda7-4885-8a7b-9755dbfa03fd	f45554e0-95d1-483f-994c-a0c56617a3e5
a9c2f4b2-e23b-4abf-9e02-5eeb3d203372	3a0854e1-df74-4917-ba7e-ac8dd130f9c9
a9c2f4b2-e23b-4abf-9e02-5eeb3d203372	f45554e0-95d1-483f-994c-a0c56617a3e5
620343bb-aa73-4242-9f7c-74a40ecdc155	f45554e0-95d1-483f-994c-a0c56617a3e5
61212db9-7d4f-4a94-95aa-91ecf700216b	f45554e0-95d1-483f-994c-a0c56617a3e5
61212db9-7d4f-4a94-95aa-91ecf700216b	950a4d02-4c52-49cf-992f-18f13e551abb
f2216108-d27a-40fb-a9fc-bce900ecbd0c	f45554e0-95d1-483f-994c-a0c56617a3e5
f2216108-d27a-40fb-a9fc-bce900ecbd0c	9c949e7e-3de8-40c0-b5c1-64324be33389
d82e498f-760e-4849-8193-01479ef4da05	9c949e7e-3de8-40c0-b5c1-64324be33389
e6bc4799-d70f-49f7-852c-6aeabd779ec4	cb5da69a-ea67-4bdd-b69c-191f46209cf3
e6bc4799-d70f-49f7-852c-6aeabd779ec4	a6f9afe2-c38d-4afd-91a6-0d0508cce315
695fa277-6976-4a97-ad6b-7f4f3b9d5d72	f45554e0-95d1-483f-994c-a0c56617a3e5
7005af71-4653-40f0-8d90-1c630100b367	89e240be-943e-4198-8635-20359aed73c7
7005af71-4653-40f0-8d90-1c630100b367	3a0854e1-df74-4917-ba7e-ac8dd130f9c9
1bb3801d-b2ff-4675-91e2-58ef1d6142c6	f45554e0-95d1-483f-994c-a0c56617a3e5
1bb3801d-b2ff-4675-91e2-58ef1d6142c6	caaf1b46-dd86-4047-b2c6-ecdebfcfa94c
c65f6807-7c08-451d-90d7-a5a1f94de89a	cb5da69a-ea67-4bdd-b69c-191f46209cf3
c65f6807-7c08-451d-90d7-a5a1f94de89a	e757d51a-ef5e-4bc6-a3e1-ede4290fe0c1
c65f6807-7c08-451d-90d7-a5a1f94de89a	a6f9afe2-c38d-4afd-91a6-0d0508cce315
bbbe7ace-d29c-4c04-83a5-adf2e73a646c	424e6e69-4943-48dd-8da2-d19d25249cde
b86cf33c-f8eb-4171-b78d-cdeed1367bbd	3a0854e1-df74-4917-ba7e-ac8dd130f9c9
a00f36a6-7869-4bc6-9900-eddfef542bda	f45554e0-95d1-483f-994c-a0c56617a3e5
7753e1fc-8c7c-4ff6-b43c-391885f9b986	3a0854e1-df74-4917-ba7e-ac8dd130f9c9
996e8db2-2d63-4de5-96fb-eb2df828b31e	3a0854e1-df74-4917-ba7e-ac8dd130f9c9
6a9d0d3b-d459-4e3f-ba76-bfc45cf4ff8d	f45554e0-95d1-483f-994c-a0c56617a3e5
6a9d0d3b-d459-4e3f-ba76-bfc45cf4ff8d	e757d51a-ef5e-4bc6-a3e1-ede4290fe0c1
6a9d0d3b-d459-4e3f-ba76-bfc45cf4ff8d	950a4d02-4c52-49cf-992f-18f13e551abb
851616c8-60d8-4516-acb4-3534e1b39f05	f45554e0-95d1-483f-994c-a0c56617a3e5
5378b786-e342-4fa7-b45f-59310075ec01	3a0854e1-df74-4917-ba7e-ac8dd130f9c9
5378b786-e342-4fa7-b45f-59310075ec01	f45554e0-95d1-483f-994c-a0c56617a3e5
6cac24db-db9e-49e9-a366-be1ef284de62	f45554e0-95d1-483f-994c-a0c56617a3e5
de15c6f1-b465-45b7-bdf0-c0e5ed5aece8	3a0854e1-df74-4917-ba7e-ac8dd130f9c9
de15c6f1-b465-45b7-bdf0-c0e5ed5aece8	f45554e0-95d1-483f-994c-a0c56617a3e5
773a0e9c-521e-47f3-9d82-821bbffd317e	bfd58c77-0f31-4025-b344-9fbce15cb362
773a0e9c-521e-47f3-9d82-821bbffd317e	f45554e0-95d1-483f-994c-a0c56617a3e5
773a0e9c-521e-47f3-9d82-821bbffd317e	caaf1b46-dd86-4047-b2c6-ecdebfcfa94c
773a0e9c-521e-47f3-9d82-821bbffd317e	9c949e7e-3de8-40c0-b5c1-64324be33389
773a0e9c-521e-47f3-9d82-821bbffd317e	950a4d02-4c52-49cf-992f-18f13e551abb
14d73ad8-7523-4372-b525-aa6263145e2e	cb5da69a-ea67-4bdd-b69c-191f46209cf3
14d73ad8-7523-4372-b525-aa6263145e2e	3a0854e1-df74-4917-ba7e-ac8dd130f9c9
14d73ad8-7523-4372-b525-aa6263145e2e	e757d51a-ef5e-4bc6-a3e1-ede4290fe0c1
14d73ad8-7523-4372-b525-aa6263145e2e	a6f9afe2-c38d-4afd-91a6-0d0508cce315
14d73ad8-7523-4372-b525-aa6263145e2e	950a4d02-4c52-49cf-992f-18f13e551abb
ce538396-36e7-431f-a5bd-20d521aac893	e757d51a-ef5e-4bc6-a3e1-ede4290fe0c1
27b3eb60-2a12-4e20-9ac6-f1091c9b9ec2	e757d51a-ef5e-4bc6-a3e1-ede4290fe0c1
e4d936a7-4ba6-40af-9443-fd664b8ba749	3a0854e1-df74-4917-ba7e-ac8dd130f9c9
e4d936a7-4ba6-40af-9443-fd664b8ba749	f45554e0-95d1-483f-994c-a0c56617a3e5
0e4c3d8c-99c4-46ed-9816-4cebbc1eb35a	bfd58c77-0f31-4025-b344-9fbce15cb362
0e4c3d8c-99c4-46ed-9816-4cebbc1eb35a	f45554e0-95d1-483f-994c-a0c56617a3e5
0e4c3d8c-99c4-46ed-9816-4cebbc1eb35a	e53ad64d-1476-428a-95d0-b2bfee89095d
49fe0bff-bb00-4c62-8115-cca70635c82b	3a0854e1-df74-4917-ba7e-ac8dd130f9c9
49fe0bff-bb00-4c62-8115-cca70635c82b	f45554e0-95d1-483f-994c-a0c56617a3e5
ab23de8e-7641-4705-876c-e320c1b9c29b	cb5da69a-ea67-4bdd-b69c-191f46209cf3
ab23de8e-7641-4705-876c-e320c1b9c29b	e2e6be8d-80c4-454e-977a-14b5f92c2502
ab23de8e-7641-4705-876c-e320c1b9c29b	a6f9afe2-c38d-4afd-91a6-0d0508cce315
efdd4359-145b-4ab8-803d-48efde1bd00e	cb5da69a-ea67-4bdd-b69c-191f46209cf3
efdd4359-145b-4ab8-803d-48efde1bd00e	f573ecd9-db92-4a66-8760-c01d9110a448
efdd4359-145b-4ab8-803d-48efde1bd00e	da88ba55-8d28-4362-ade6-5be4e1da2033
a71edb55-fa03-4815-a060-7f65422d42e5	f45554e0-95d1-483f-994c-a0c56617a3e5
5998959c-f855-4705-9509-8eb05e99a495	f45554e0-95d1-483f-994c-a0c56617a3e5
5998959c-f855-4705-9509-8eb05e99a495	caaf1b46-dd86-4047-b2c6-ecdebfcfa94c
1c13fa3d-57eb-48e5-8b6d-fc3c970c78dc	424e6e69-4943-48dd-8da2-d19d25249cde
33a3b555-7c4f-49f1-b7c1-f9c772e76d50	f45554e0-95d1-483f-994c-a0c56617a3e5
5e5c648f-8809-4010-9272-f04858414ed2	950a4d02-4c52-49cf-992f-18f13e551abb
fef86367-a111-4a3a-a604-da1ade8766d0	3a0854e1-df74-4917-ba7e-ac8dd130f9c9
fef86367-a111-4a3a-a604-da1ade8766d0	e757d51a-ef5e-4bc6-a3e1-ede4290fe0c1
e2f2772c-1973-4391-bb12-bdc9f2a1d94d	f573ecd9-db92-4a66-8760-c01d9110a448
e2f2772c-1973-4391-bb12-bdc9f2a1d94d	a6f9afe2-c38d-4afd-91a6-0d0508cce315
771d0f6b-6f7f-4331-8b7d-5901b5faa5ae	f45554e0-95d1-483f-994c-a0c56617a3e5
771d0f6b-6f7f-4331-8b7d-5901b5faa5ae	0999254b-81b3-4933-b12a-ffe52fa992fc
5ba3627b-6925-47ce-85b5-0d6cdf58035f	f573ecd9-db92-4a66-8760-c01d9110a448
5ba3627b-6925-47ce-85b5-0d6cdf58035f	89e240be-943e-4198-8635-20359aed73c7
5ba3627b-6925-47ce-85b5-0d6cdf58035f	da88ba55-8d28-4362-ade6-5be4e1da2033
11967160-80ed-4579-8ae8-9bfba9ed0835	3a0854e1-df74-4917-ba7e-ac8dd130f9c9
e59a2360-2e5e-4418-a0c4-e64c87044bc6	3a0854e1-df74-4917-ba7e-ac8dd130f9c9
54a6cc3a-eef7-4301-bf51-9405e6e5f8da	f45554e0-95d1-483f-994c-a0c56617a3e5
54a6cc3a-eef7-4301-bf51-9405e6e5f8da	950a4d02-4c52-49cf-992f-18f13e551abb
f5539255-c0a3-4dd3-afe4-3955fc6f47a4	e757d51a-ef5e-4bc6-a3e1-ede4290fe0c1
f5539255-c0a3-4dd3-afe4-3955fc6f47a4	a6f9afe2-c38d-4afd-91a6-0d0508cce315
0d2193e8-c6a1-4dfc-8245-aa447a36e3d6	e757d51a-ef5e-4bc6-a3e1-ede4290fe0c1
0acc9934-1e52-4d13-a198-bff35c9eff44	cb5da69a-ea67-4bdd-b69c-191f46209cf3
0acc9934-1e52-4d13-a198-bff35c9eff44	e2e6be8d-80c4-454e-977a-14b5f92c2502
0acc9934-1e52-4d13-a198-bff35c9eff44	a6f9afe2-c38d-4afd-91a6-0d0508cce315
19a6e4d3-5fbf-4414-8ef2-e91c6b688572	caaf1b46-dd86-4047-b2c6-ecdebfcfa94c
19a6e4d3-5fbf-4414-8ef2-e91c6b688572	950a4d02-4c52-49cf-992f-18f13e551abb
0b90efd2-fe40-47d3-835b-06dae8dfe123	f45554e0-95d1-483f-994c-a0c56617a3e5
5aaca9f1-e742-4553-9f5e-f55607a7e68e	e757d51a-ef5e-4bc6-a3e1-ede4290fe0c1
266e4f4a-c1c0-48b0-8586-079bb7b802a4	f45554e0-95d1-483f-994c-a0c56617a3e5
266e4f4a-c1c0-48b0-8586-079bb7b802a4	9c949e7e-3de8-40c0-b5c1-64324be33389
2ee679b8-afb9-4873-b57b-46ade55d4441	3a0854e1-df74-4917-ba7e-ac8dd130f9c9
367e10e4-5bd0-4945-890a-21172a2bd6eb	3a0854e1-df74-4917-ba7e-ac8dd130f9c9
367e10e4-5bd0-4945-890a-21172a2bd6eb	9c949e7e-3de8-40c0-b5c1-64324be33389
666340b4-11a8-4d3a-a454-bc4e559361f1	3a0854e1-df74-4917-ba7e-ac8dd130f9c9
666340b4-11a8-4d3a-a454-bc4e559361f1	f45554e0-95d1-483f-994c-a0c56617a3e5
09c00376-5e66-467e-89d6-91872180c348	f45554e0-95d1-483f-994c-a0c56617a3e5
3e4341a8-aba2-4a1c-aa0f-d49514dda666	3a0854e1-df74-4917-ba7e-ac8dd130f9c9
3e4341a8-aba2-4a1c-aa0f-d49514dda666	f45554e0-95d1-483f-994c-a0c56617a3e5
3e4341a8-aba2-4a1c-aa0f-d49514dda666	da88ba55-8d28-4362-ade6-5be4e1da2033
c33b4a76-8d48-47b0-9265-c0b5f33a1730	e2e6be8d-80c4-454e-977a-14b5f92c2502
c33b4a76-8d48-47b0-9265-c0b5f33a1730	3a0854e1-df74-4917-ba7e-ac8dd130f9c9
c33b4a76-8d48-47b0-9265-c0b5f33a1730	f45554e0-95d1-483f-994c-a0c56617a3e5
c33b4a76-8d48-47b0-9265-c0b5f33a1730	9c949e7e-3de8-40c0-b5c1-64324be33389
6baecc88-0382-4fd6-94c8-b79fb78f465a	424e6e69-4943-48dd-8da2-d19d25249cde
b5c9cf97-0be2-4e5d-8978-f4c2dc78124a	cb5da69a-ea67-4bdd-b69c-191f46209cf3
b5c9cf97-0be2-4e5d-8978-f4c2dc78124a	bfd58c77-0f31-4025-b344-9fbce15cb362
ee81b629-da5e-412a-89b6-b8bdf33a5886	e757d51a-ef5e-4bc6-a3e1-ede4290fe0c1
ee81b629-da5e-412a-89b6-b8bdf33a5886	950a4d02-4c52-49cf-992f-18f13e551abb
ebceb7c3-8f79-4b1f-abae-1a8d8244c08d	f45554e0-95d1-483f-994c-a0c56617a3e5
ebceb7c3-8f79-4b1f-abae-1a8d8244c08d	950a4d02-4c52-49cf-992f-18f13e551abb
3ae705f2-4f99-485a-80b9-575f961d496c	f45554e0-95d1-483f-994c-a0c56617a3e5
3ae705f2-4f99-485a-80b9-575f961d496c	caaf1b46-dd86-4047-b2c6-ecdebfcfa94c
4d257101-0f9e-4118-80c4-14b1a7ff4e20	e757d51a-ef5e-4bc6-a3e1-ede4290fe0c1
4d257101-0f9e-4118-80c4-14b1a7ff4e20	950a4d02-4c52-49cf-992f-18f13e551abb
2bf36ba4-1260-4639-b117-4adb58945e52	e757d51a-ef5e-4bc6-a3e1-ede4290fe0c1
cf4d89f8-60c1-480b-9c28-0c73834022be	3a0854e1-df74-4917-ba7e-ac8dd130f9c9
cf4d89f8-60c1-480b-9c28-0c73834022be	e757d51a-ef5e-4bc6-a3e1-ede4290fe0c1
cf4d89f8-60c1-480b-9c28-0c73834022be	950a4d02-4c52-49cf-992f-18f13e551abb
3b736968-213f-4dbe-b9ef-4a5e4ab79ecb	f45554e0-95d1-483f-994c-a0c56617a3e5
ba06f49c-bc30-401c-b6f6-f924d20cd24c	f45554e0-95d1-483f-994c-a0c56617a3e5
ba06f49c-bc30-401c-b6f6-f924d20cd24c	e53ad64d-1476-428a-95d0-b2bfee89095d
18450575-5f88-42f7-af7f-1f33ca88b491	424e6e69-4943-48dd-8da2-d19d25249cde
d79ece89-0bd8-42d0-aad0-b48860b55cd2	3a0854e1-df74-4917-ba7e-ac8dd130f9c9
d79ece89-0bd8-42d0-aad0-b48860b55cd2	bfd58c77-0f31-4025-b344-9fbce15cb362
d469a8fa-c409-4359-ac44-5437a6cdd7f8	89e240be-943e-4198-8635-20359aed73c7
d469a8fa-c409-4359-ac44-5437a6cdd7f8	3a0854e1-df74-4917-ba7e-ac8dd130f9c9
b79ba5a0-cae2-42eb-a8ca-e00aa67a3fa0	3a0854e1-df74-4917-ba7e-ac8dd130f9c9
b79ba5a0-cae2-42eb-a8ca-e00aa67a3fa0	9c949e7e-3de8-40c0-b5c1-64324be33389
baa8116d-b6bd-4e92-9fef-cb0f0477cb7b	e2e6be8d-80c4-454e-977a-14b5f92c2502
baa8116d-b6bd-4e92-9fef-cb0f0477cb7b	da88ba55-8d28-4362-ade6-5be4e1da2033
baa8116d-b6bd-4e92-9fef-cb0f0477cb7b	9c949e7e-3de8-40c0-b5c1-64324be33389
eac64d36-18d7-4ff7-8113-36acc185f503	424e6e69-4943-48dd-8da2-d19d25249cde
2039094d-4edf-466d-b814-b0e9e40202f9	bfd58c77-0f31-4025-b344-9fbce15cb362
2039094d-4edf-466d-b814-b0e9e40202f9	caaf1b46-dd86-4047-b2c6-ecdebfcfa94c
2039094d-4edf-466d-b814-b0e9e40202f9	950a4d02-4c52-49cf-992f-18f13e551abb
b474eb1c-06a1-4e01-8f35-ef3cd7ccfcfc	f45554e0-95d1-483f-994c-a0c56617a3e5
b92db8fb-b2a7-48e1-8b17-3f8b4571623f	3a0854e1-df74-4917-ba7e-ac8dd130f9c9
1e1a4fb5-59db-4edf-a340-e48cb5d545d2	3a0854e1-df74-4917-ba7e-ac8dd130f9c9
1e1a4fb5-59db-4edf-a340-e48cb5d545d2	0999254b-81b3-4933-b12a-ffe52fa992fc
320226c4-2784-41aa-ade4-1e361191ce95	3a0854e1-df74-4917-ba7e-ac8dd130f9c9
8ad91497-1d9e-4dbe-9116-5d3244b140e1	f45554e0-95d1-483f-994c-a0c56617a3e5
a997012e-b92f-4966-8d5d-58b3c85cbbf2	f45554e0-95d1-483f-994c-a0c56617a3e5
a997012e-b92f-4966-8d5d-58b3c85cbbf2	e53ad64d-1476-428a-95d0-b2bfee89095d
a997012e-b92f-4966-8d5d-58b3c85cbbf2	950a4d02-4c52-49cf-992f-18f13e551abb
407849a7-dc54-44c4-811c-b875847991cd	3a0854e1-df74-4917-ba7e-ac8dd130f9c9
407849a7-dc54-44c4-811c-b875847991cd	a6f9afe2-c38d-4afd-91a6-0d0508cce315
f7c37d0e-e718-49fb-8181-4f8fdafbf03f	ae6d98bb-cd0d-4526-b4e5-83f2a63096fa
dd14b25a-44c4-4c1b-a248-05743f2d6838	3a0854e1-df74-4917-ba7e-ac8dd130f9c9
62e95903-477e-4072-b1c3-bca382c2390c	f45554e0-95d1-483f-994c-a0c56617a3e5
3e1c1526-c43f-4ca2-ae16-98abad5a0df7	3a0854e1-df74-4917-ba7e-ac8dd130f9c9
3e1c1526-c43f-4ca2-ae16-98abad5a0df7	da88ba55-8d28-4362-ade6-5be4e1da2033
3e1c1526-c43f-4ca2-ae16-98abad5a0df7	0999254b-81b3-4933-b12a-ffe52fa992fc
e0e0547d-bdd1-4e08-abe5-f652c16d205e	f45554e0-95d1-483f-994c-a0c56617a3e5
786a1c04-9875-4dbc-9c86-360fbd4f36b0	bfd58c77-0f31-4025-b344-9fbce15cb362
786a1c04-9875-4dbc-9c86-360fbd4f36b0	f45554e0-95d1-483f-994c-a0c56617a3e5
786a1c04-9875-4dbc-9c86-360fbd4f36b0	e53ad64d-1476-428a-95d0-b2bfee89095d
786a1c04-9875-4dbc-9c86-360fbd4f36b0	9c949e7e-3de8-40c0-b5c1-64324be33389
61c5070e-3321-4b67-99d5-769ad4cb5699	f45554e0-95d1-483f-994c-a0c56617a3e5
61c5070e-3321-4b67-99d5-769ad4cb5699	9c949e7e-3de8-40c0-b5c1-64324be33389
95f003cb-96be-411e-a63b-2ca8a9f0fca6	3a0854e1-df74-4917-ba7e-ac8dd130f9c9
95f003cb-96be-411e-a63b-2ca8a9f0fca6	bfd58c77-0f31-4025-b344-9fbce15cb362
95f003cb-96be-411e-a63b-2ca8a9f0fca6	caaf1b46-dd86-4047-b2c6-ecdebfcfa94c
95f003cb-96be-411e-a63b-2ca8a9f0fca6	950a4d02-4c52-49cf-992f-18f13e551abb
6ccf8785-5f99-45d5-bc88-ec0370da3c1a	424e6e69-4943-48dd-8da2-d19d25249cde
48c02a7b-9fa2-40cf-9a67-433a39a6a69a	f45554e0-95d1-483f-994c-a0c56617a3e5
48c02a7b-9fa2-40cf-9a67-433a39a6a69a	da88ba55-8d28-4362-ade6-5be4e1da2033
48c02a7b-9fa2-40cf-9a67-433a39a6a69a	caaf1b46-dd86-4047-b2c6-ecdebfcfa94c
c5bf609e-4506-4397-9088-31894919d62e	3a0854e1-df74-4917-ba7e-ac8dd130f9c9
c5bf609e-4506-4397-9088-31894919d62e	f45554e0-95d1-483f-994c-a0c56617a3e5
15688538-3c90-4ab4-bff0-1ef6e545c086	424e6e69-4943-48dd-8da2-d19d25249cde
d479e753-45f4-406d-868b-e53c9f07077d	cb5da69a-ea67-4bdd-b69c-191f46209cf3
d479e753-45f4-406d-868b-e53c9f07077d	f45554e0-95d1-483f-994c-a0c56617a3e5
b755c982-2c6f-4a67-97cc-9060c58b8b6f	f45554e0-95d1-483f-994c-a0c56617a3e5
2afc1c91-2402-4e34-b372-e81ee6eaf815	bfd58c77-0f31-4025-b344-9fbce15cb362
2afc1c91-2402-4e34-b372-e81ee6eaf815	f45554e0-95d1-483f-994c-a0c56617a3e5
2afc1c91-2402-4e34-b372-e81ee6eaf815	950a4d02-4c52-49cf-992f-18f13e551abb
a868b9fa-bc77-4133-a272-c5965e215024	3a0854e1-df74-4917-ba7e-ac8dd130f9c9
a868b9fa-bc77-4133-a272-c5965e215024	e757d51a-ef5e-4bc6-a3e1-ede4290fe0c1
64534eca-319f-496f-a496-cd94907469e7	e2e6be8d-80c4-454e-977a-14b5f92c2502
64534eca-319f-496f-a496-cd94907469e7	89e240be-943e-4198-8635-20359aed73c7
64534eca-319f-496f-a496-cd94907469e7	3a0854e1-df74-4917-ba7e-ac8dd130f9c9
fa5486db-1020-4f75-aa5d-19be877c11bb	cb5da69a-ea67-4bdd-b69c-191f46209cf3
fa5486db-1020-4f75-aa5d-19be877c11bb	e2e6be8d-80c4-454e-977a-14b5f92c2502
c80c73e5-24da-4ca9-8a7a-67ad856b676d	e757d51a-ef5e-4bc6-a3e1-ede4290fe0c1
c80c73e5-24da-4ca9-8a7a-67ad856b676d	950a4d02-4c52-49cf-992f-18f13e551abb
da52e03f-d344-498f-a92d-1f3c2e252c2a	f45554e0-95d1-483f-994c-a0c56617a3e5
8b8141df-5548-402e-b6ee-e24be0001ed9	bfd58c77-0f31-4025-b344-9fbce15cb362
8b8141df-5548-402e-b6ee-e24be0001ed9	f45554e0-95d1-483f-994c-a0c56617a3e5
5bc88c0b-c389-4a5a-85bf-ea7d50d3f86c	424e6e69-4943-48dd-8da2-d19d25249cde
8826c5f0-ca4e-4161-b04b-4e3515638aec	f45554e0-95d1-483f-994c-a0c56617a3e5
8826c5f0-ca4e-4161-b04b-4e3515638aec	e6ce39a2-4d09-47fd-adf6-9fae16c6eedc
e8645a56-57b4-483b-968b-19cbf587e602	f45554e0-95d1-483f-994c-a0c56617a3e5
bb897dee-a43c-4b59-b01c-83cf75568fa3	3a0854e1-df74-4917-ba7e-ac8dd130f9c9
bb897dee-a43c-4b59-b01c-83cf75568fa3	f45554e0-95d1-483f-994c-a0c56617a3e5
bb897dee-a43c-4b59-b01c-83cf75568fa3	950a4d02-4c52-49cf-992f-18f13e551abb
e6fa51d7-9026-43b1-aa9c-58fc800250d5	3a0854e1-df74-4917-ba7e-ac8dd130f9c9
5075e87b-e194-4268-8d96-ba1f68d1404e	f45554e0-95d1-483f-994c-a0c56617a3e5
8ef5f2d3-dbd4-45e1-98ed-f31ae6d051c2	f45554e0-95d1-483f-994c-a0c56617a3e5
67028502-6a03-4dd5-8a9c-e3d1cbb6d675	f45554e0-95d1-483f-994c-a0c56617a3e5
67028502-6a03-4dd5-8a9c-e3d1cbb6d675	950a4d02-4c52-49cf-992f-18f13e551abb
4aceceb6-0a31-42de-a857-09908fbe5a02	f45554e0-95d1-483f-994c-a0c56617a3e5
4aceceb6-0a31-42de-a857-09908fbe5a02	caaf1b46-dd86-4047-b2c6-ecdebfcfa94c
4aceceb6-0a31-42de-a857-09908fbe5a02	a6f9afe2-c38d-4afd-91a6-0d0508cce315
f5295513-5a96-4be2-a07d-15694cc848b7	f45554e0-95d1-483f-994c-a0c56617a3e5
75697a5e-95fc-4cbb-a08c-628e6c9bae93	3a0854e1-df74-4917-ba7e-ac8dd130f9c9
cb02e0ce-6c04-41ea-92db-883b29900bb0	3a0854e1-df74-4917-ba7e-ac8dd130f9c9
86c5a3e0-8d0a-4fbb-8644-11259177fa63	cb5da69a-ea67-4bdd-b69c-191f46209cf3
86c5a3e0-8d0a-4fbb-8644-11259177fa63	e2e6be8d-80c4-454e-977a-14b5f92c2502
50612ae7-301c-4e38-9c36-dc28cb34afb3	e2e6be8d-80c4-454e-977a-14b5f92c2502
50612ae7-301c-4e38-9c36-dc28cb34afb3	3a0854e1-df74-4917-ba7e-ac8dd130f9c9
50612ae7-301c-4e38-9c36-dc28cb34afb3	a6f9afe2-c38d-4afd-91a6-0d0508cce315
59eb8826-9df2-4843-88e3-684364d3c971	cb5da69a-ea67-4bdd-b69c-191f46209cf3
59eb8826-9df2-4843-88e3-684364d3c971	bfd58c77-0f31-4025-b344-9fbce15cb362
59eb8826-9df2-4843-88e3-684364d3c971	caaf1b46-dd86-4047-b2c6-ecdebfcfa94c
f3374aad-b24b-4412-b751-93fd2115beb9	89e240be-943e-4198-8635-20359aed73c7
e170921d-af5c-4236-80ad-f5f7e918444b	cb5da69a-ea67-4bdd-b69c-191f46209cf3
e170921d-af5c-4236-80ad-f5f7e918444b	a6f9afe2-c38d-4afd-91a6-0d0508cce315
385c81fb-3fa9-455a-8dba-281d1833ddde	e2e6be8d-80c4-454e-977a-14b5f92c2502
385c81fb-3fa9-455a-8dba-281d1833ddde	da88ba55-8d28-4362-ade6-5be4e1da2033
096c75b3-93e9-4d5e-be04-ad932f2676ee	f45554e0-95d1-483f-994c-a0c56617a3e5
b12f2421-f1fe-44fb-957f-307295637160	3a0854e1-df74-4917-ba7e-ac8dd130f9c9
b12f2421-f1fe-44fb-957f-307295637160	f45554e0-95d1-483f-994c-a0c56617a3e5
a2d224a7-7aa6-43e1-85e3-d5eb93ff50b9	cb5da69a-ea67-4bdd-b69c-191f46209cf3
a2d224a7-7aa6-43e1-85e3-d5eb93ff50b9	3a0854e1-df74-4917-ba7e-ac8dd130f9c9
a2d224a7-7aa6-43e1-85e3-d5eb93ff50b9	9c949e7e-3de8-40c0-b5c1-64324be33389
2bc8d667-de0b-4aa0-8264-034879245fb7	424e6e69-4943-48dd-8da2-d19d25249cde
2bc8d667-de0b-4aa0-8264-034879245fb7	f45554e0-95d1-483f-994c-a0c56617a3e5
b2f0fab0-532a-4637-b3de-8dad7c57a60e	e2e6be8d-80c4-454e-977a-14b5f92c2502
b2f0fab0-532a-4637-b3de-8dad7c57a60e	9c949e7e-3de8-40c0-b5c1-64324be33389
b2f0fab0-532a-4637-b3de-8dad7c57a60e	ae6d98bb-cd0d-4526-b4e5-83f2a63096fa
954e33eb-f144-4dbd-a228-965119c61238	f45554e0-95d1-483f-994c-a0c56617a3e5
954e33eb-f144-4dbd-a228-965119c61238	0999254b-81b3-4933-b12a-ffe52fa992fc
954e33eb-f144-4dbd-a228-965119c61238	950a4d02-4c52-49cf-992f-18f13e551abb
e61352cd-f5f2-4b79-9477-75aefd2c038b	cb5da69a-ea67-4bdd-b69c-191f46209cf3
e61352cd-f5f2-4b79-9477-75aefd2c038b	f45554e0-95d1-483f-994c-a0c56617a3e5
e61352cd-f5f2-4b79-9477-75aefd2c038b	e6ce39a2-4d09-47fd-adf6-9fae16c6eedc
3f76ce8d-7b28-4be8-a992-9f7776229d25	f45554e0-95d1-483f-994c-a0c56617a3e5
966f748a-fa1b-421f-b316-f1b3ef995886	cb5da69a-ea67-4bdd-b69c-191f46209cf3
966f748a-fa1b-421f-b316-f1b3ef995886	f45554e0-95d1-483f-994c-a0c56617a3e5
966f748a-fa1b-421f-b316-f1b3ef995886	950a4d02-4c52-49cf-992f-18f13e551abb
966f748a-fa1b-421f-b316-f1b3ef995886	e6ce39a2-4d09-47fd-adf6-9fae16c6eedc
b0f57ca5-7245-4174-8b1c-aa8ccfc25a8a	f45554e0-95d1-483f-994c-a0c56617a3e5
e84d7d7a-153d-45a0-bf43-c12d27c22663	f45554e0-95d1-483f-994c-a0c56617a3e5
e84d7d7a-153d-45a0-bf43-c12d27c22663	9c949e7e-3de8-40c0-b5c1-64324be33389
e84d7d7a-153d-45a0-bf43-c12d27c22663	950a4d02-4c52-49cf-992f-18f13e551abb
f3aabdb5-5c96-428d-b86b-c594c54d15ea	cb5da69a-ea67-4bdd-b69c-191f46209cf3
f3aabdb5-5c96-428d-b86b-c594c54d15ea	bfd58c77-0f31-4025-b344-9fbce15cb362
99f8432b-89ba-4213-8f45-f94d4baca658	3a0854e1-df74-4917-ba7e-ac8dd130f9c9
99f8432b-89ba-4213-8f45-f94d4baca658	f45554e0-95d1-483f-994c-a0c56617a3e5
99f8432b-89ba-4213-8f45-f94d4baca658	e6ce39a2-4d09-47fd-adf6-9fae16c6eedc
aa31ea08-4c7f-4963-af49-5ea28bf4ce91	ae6d98bb-cd0d-4526-b4e5-83f2a63096fa
001043b0-ffeb-4c93-9612-f043f7ea67d6	f45554e0-95d1-483f-994c-a0c56617a3e5
c3f29ecb-f521-433d-b238-4f72407bad2a	bfd58c77-0f31-4025-b344-9fbce15cb362
c3f29ecb-f521-433d-b238-4f72407bad2a	f45554e0-95d1-483f-994c-a0c56617a3e5
02c31ed6-6dac-446c-88b7-6077bb7f586d	f45554e0-95d1-483f-994c-a0c56617a3e5
5be211d0-985c-4b4d-93f0-0a482375d2ce	bfd58c77-0f31-4025-b344-9fbce15cb362
5be211d0-985c-4b4d-93f0-0a482375d2ce	950a4d02-4c52-49cf-992f-18f13e551abb
83553494-c144-4b02-8f70-65d1e9306b68	cb5da69a-ea67-4bdd-b69c-191f46209cf3
83553494-c144-4b02-8f70-65d1e9306b68	f45554e0-95d1-483f-994c-a0c56617a3e5
99122244-cb77-45e2-8606-f1b27748f317	3a0854e1-df74-4917-ba7e-ac8dd130f9c9
99122244-cb77-45e2-8606-f1b27748f317	9c949e7e-3de8-40c0-b5c1-64324be33389
9e99ae53-fac6-4cdb-bdc5-fc79a38f2f85	f45554e0-95d1-483f-994c-a0c56617a3e5
a7541473-dc77-4dd9-8cd2-5eca852999e5	424e6e69-4943-48dd-8da2-d19d25249cde
a7541473-dc77-4dd9-8cd2-5eca852999e5	f45554e0-95d1-483f-994c-a0c56617a3e5
4fa09bdc-5f32-4587-9cd2-fff1a3336cde	424e6e69-4943-48dd-8da2-d19d25249cde
41b0f5da-7691-4421-a484-90427967819c	3a0854e1-df74-4917-ba7e-ac8dd130f9c9
b3e3b6ba-d801-4714-9ba2-d2599a39f70a	3a0854e1-df74-4917-ba7e-ac8dd130f9c9
fcfc6ad1-ee29-43fe-8564-9528d8f38948	3a0854e1-df74-4917-ba7e-ac8dd130f9c9
fcfc6ad1-ee29-43fe-8564-9528d8f38948	bfd58c77-0f31-4025-b344-9fbce15cb362
5150372c-63f4-4250-bbbc-1fd0478ff426	f45554e0-95d1-483f-994c-a0c56617a3e5
99c58001-c91c-471e-b1e6-25d68f5b5182	3a0854e1-df74-4917-ba7e-ac8dd130f9c9
9c837860-c70b-4058-9bc2-3a5f398b8eef	f45554e0-95d1-483f-994c-a0c56617a3e5
cd0c7e62-4cdd-424c-aa0c-62f8041b9b3c	f45554e0-95d1-483f-994c-a0c56617a3e5
c2000d86-29e5-4b32-beac-187a14823616	3a0854e1-df74-4917-ba7e-ac8dd130f9c9
d993ac5c-a994-47f5-9ebe-547244691ab2	424e6e69-4943-48dd-8da2-d19d25249cde
4e2a53cb-442f-4ece-827a-a0b8be058217	f45554e0-95d1-483f-994c-a0c56617a3e5
4e2a53cb-442f-4ece-827a-a0b8be058217	e6ce39a2-4d09-47fd-adf6-9fae16c6eedc
90ee9176-f2b2-4bd0-ae6a-b19e321c1db6	f45554e0-95d1-483f-994c-a0c56617a3e5
5414de2f-e2cd-4c95-8144-d065255c7164	3a0854e1-df74-4917-ba7e-ac8dd130f9c9
5414de2f-e2cd-4c95-8144-d065255c7164	f45554e0-95d1-483f-994c-a0c56617a3e5
5414de2f-e2cd-4c95-8144-d065255c7164	9c949e7e-3de8-40c0-b5c1-64324be33389
5414de2f-e2cd-4c95-8144-d065255c7164	950a4d02-4c52-49cf-992f-18f13e551abb
7d265511-f845-492d-99b9-599c956b0e94	f45554e0-95d1-483f-994c-a0c56617a3e5
eb3029fc-d1c0-4e4e-a54a-8794c987c240	3a0854e1-df74-4917-ba7e-ac8dd130f9c9
eb3029fc-d1c0-4e4e-a54a-8794c987c240	a6f9afe2-c38d-4afd-91a6-0d0508cce315
3dbdce29-90b7-40b1-afcb-b84bf489ebd2	e2e6be8d-80c4-454e-977a-14b5f92c2502
3dbdce29-90b7-40b1-afcb-b84bf489ebd2	424e6e69-4943-48dd-8da2-d19d25249cde
c1091756-744b-4200-871a-d4ff8f458ae3	424e6e69-4943-48dd-8da2-d19d25249cde
0868e66a-3b97-4f99-8a2b-2de79b108b94	424e6e69-4943-48dd-8da2-d19d25249cde
8cb9f8f8-c079-40c3-b64f-6a05dcfd74f5	f45554e0-95d1-483f-994c-a0c56617a3e5
ae40abec-6d85-48db-b3df-95df9a0c93e2	bfd58c77-0f31-4025-b344-9fbce15cb362
ae40abec-6d85-48db-b3df-95df9a0c93e2	f45554e0-95d1-483f-994c-a0c56617a3e5
f09bdde8-e7af-4ce0-83e7-b95ba0223f95	f45554e0-95d1-483f-994c-a0c56617a3e5
5099980b-4031-4e4a-aa05-d910a71f100d	e2e6be8d-80c4-454e-977a-14b5f92c2502
5099980b-4031-4e4a-aa05-d910a71f100d	9c949e7e-3de8-40c0-b5c1-64324be33389
5099980b-4031-4e4a-aa05-d910a71f100d	ae6d98bb-cd0d-4526-b4e5-83f2a63096fa
4183517b-175a-45ed-98de-d208cec7c773	e2e6be8d-80c4-454e-977a-14b5f92c2502
4183517b-175a-45ed-98de-d208cec7c773	89e240be-943e-4198-8635-20359aed73c7
4183517b-175a-45ed-98de-d208cec7c773	a6f9afe2-c38d-4afd-91a6-0d0508cce315
ed3c1c39-7793-4ebf-b94a-49963f933813	3a0854e1-df74-4917-ba7e-ac8dd130f9c9
ed3c1c39-7793-4ebf-b94a-49963f933813	f45554e0-95d1-483f-994c-a0c56617a3e5
ec6ec3eb-fbb2-458f-b639-392c6a7799a3	cb5da69a-ea67-4bdd-b69c-191f46209cf3
ec6ec3eb-fbb2-458f-b639-392c6a7799a3	f45554e0-95d1-483f-994c-a0c56617a3e5
ec6ec3eb-fbb2-458f-b639-392c6a7799a3	950a4d02-4c52-49cf-992f-18f13e551abb
23b44885-9514-44ec-8363-cf7ec2e9a6b0	3a0854e1-df74-4917-ba7e-ac8dd130f9c9
71509ab4-17b4-4752-833b-7863ebcb51be	bfd58c77-0f31-4025-b344-9fbce15cb362
71509ab4-17b4-4752-833b-7863ebcb51be	f45554e0-95d1-483f-994c-a0c56617a3e5
d31ceffc-7f24-492b-88be-f6579417fa1d	3a0854e1-df74-4917-ba7e-ac8dd130f9c9
a63b015b-94f6-4be9-bc2f-1201bdba5946	424e6e69-4943-48dd-8da2-d19d25249cde
a9c82a4f-7b4d-4041-a843-1f5dba15a628	f45554e0-95d1-483f-994c-a0c56617a3e5
c2c64546-d3b8-46cf-805c-3998853b71c7	3a0854e1-df74-4917-ba7e-ac8dd130f9c9
c2c64546-d3b8-46cf-805c-3998853b71c7	e757d51a-ef5e-4bc6-a3e1-ede4290fe0c1
89754c30-9dba-415d-8581-e454b5b660a2	f45554e0-95d1-483f-994c-a0c56617a3e5
763afe58-4660-4dcd-a693-456f63f9bc0b	3a0854e1-df74-4917-ba7e-ac8dd130f9c9
bea8c594-562e-4529-b32b-97122cd1a0f3	f45554e0-95d1-483f-994c-a0c56617a3e5
69650f3b-016d-4e87-b7e0-3e95d6ae916a	424e6e69-4943-48dd-8da2-d19d25249cde
0fc6c614-1bfa-451b-8897-0da7c07f71c8	cb5da69a-ea67-4bdd-b69c-191f46209cf3
0fc6c614-1bfa-451b-8897-0da7c07f71c8	3a0854e1-df74-4917-ba7e-ac8dd130f9c9
0fc6c614-1bfa-451b-8897-0da7c07f71c8	9c949e7e-3de8-40c0-b5c1-64324be33389
d4a98726-9556-4199-8d86-ae2498b8937d	3a0854e1-df74-4917-ba7e-ac8dd130f9c9
d4a98726-9556-4199-8d86-ae2498b8937d	9c949e7e-3de8-40c0-b5c1-64324be33389
ba4a8d7b-0112-4c40-adf2-8f26a7e3ca95	cb5da69a-ea67-4bdd-b69c-191f46209cf3
ba4a8d7b-0112-4c40-adf2-8f26a7e3ca95	caaf1b46-dd86-4047-b2c6-ecdebfcfa94c
ba4a8d7b-0112-4c40-adf2-8f26a7e3ca95	950a4d02-4c52-49cf-992f-18f13e551abb
bf5eb22c-6029-42d7-b843-8fe89d80976e	f45554e0-95d1-483f-994c-a0c56617a3e5
8518f9ca-598c-4b46-b1bf-349403d76944	f45554e0-95d1-483f-994c-a0c56617a3e5
8396aac8-f769-4072-ab26-303e28388535	3a0854e1-df74-4917-ba7e-ac8dd130f9c9
8396aac8-f769-4072-ab26-303e28388535	f45554e0-95d1-483f-994c-a0c56617a3e5
8396aac8-f769-4072-ab26-303e28388535	e757d51a-ef5e-4bc6-a3e1-ede4290fe0c1
8396aac8-f769-4072-ab26-303e28388535	950a4d02-4c52-49cf-992f-18f13e551abb
03019e17-b468-4393-93d8-2e3a512e0368	f45554e0-95d1-483f-994c-a0c56617a3e5
03019e17-b468-4393-93d8-2e3a512e0368	e757d51a-ef5e-4bc6-a3e1-ede4290fe0c1
03019e17-b468-4393-93d8-2e3a512e0368	caaf1b46-dd86-4047-b2c6-ecdebfcfa94c
03019e17-b468-4393-93d8-2e3a512e0368	950a4d02-4c52-49cf-992f-18f13e551abb
7d5c4b7b-a870-4707-a602-cc592a726c54	424e6e69-4943-48dd-8da2-d19d25249cde
6cfd8b7b-e96c-4d3c-9fb9-f12f00f39692	f45554e0-95d1-483f-994c-a0c56617a3e5
6cfd8b7b-e96c-4d3c-9fb9-f12f00f39692	caaf1b46-dd86-4047-b2c6-ecdebfcfa94c
6cfd8b7b-e96c-4d3c-9fb9-f12f00f39692	9c949e7e-3de8-40c0-b5c1-64324be33389
b4d43871-e042-4d91-bb63-df2fe9459e99	424e6e69-4943-48dd-8da2-d19d25249cde
217f584c-53c0-4a54-8365-8657ea032c37	3a0854e1-df74-4917-ba7e-ac8dd130f9c9
217f584c-53c0-4a54-8365-8657ea032c37	f45554e0-95d1-483f-994c-a0c56617a3e5
fc75ec97-945d-41bc-8e5d-ebecdd1fdba6	bfd58c77-0f31-4025-b344-9fbce15cb362
fc75ec97-945d-41bc-8e5d-ebecdd1fdba6	f45554e0-95d1-483f-994c-a0c56617a3e5
fc75ec97-945d-41bc-8e5d-ebecdd1fdba6	950a4d02-4c52-49cf-992f-18f13e551abb
c9fa2f9c-1f25-49d5-9ab5-c018e40014b1	cb5da69a-ea67-4bdd-b69c-191f46209cf3
c9fa2f9c-1f25-49d5-9ab5-c018e40014b1	bfd58c77-0f31-4025-b344-9fbce15cb362
c9fa2f9c-1f25-49d5-9ab5-c018e40014b1	f45554e0-95d1-483f-994c-a0c56617a3e5
e24052b9-e468-4c26-ab8f-f09578cf8057	f573ecd9-db92-4a66-8760-c01d9110a448
4fe30a8a-2ebd-46c6-afe1-59d6ab2499ed	3a0854e1-df74-4917-ba7e-ac8dd130f9c9
16dd7da7-58cf-493b-9d0b-066342d2f4b6	3a0854e1-df74-4917-ba7e-ac8dd130f9c9
321a9159-ff91-42f6-9df3-218611d05a88	3a0854e1-df74-4917-ba7e-ac8dd130f9c9
10d3b135-3e6f-4040-86f3-385f48a4b0cd	950a4d02-4c52-49cf-992f-18f13e551abb
c3ed6d99-1b9f-43eb-bd22-ef002340ee98	424e6e69-4943-48dd-8da2-d19d25249cde
b17ecaba-6c9d-41ce-ab0f-e6f1cb90c7d8	424e6e69-4943-48dd-8da2-d19d25249cde
619065e1-790e-4539-8408-9f1fb1f20fc9	e2e6be8d-80c4-454e-977a-14b5f92c2502
619065e1-790e-4539-8408-9f1fb1f20fc9	89e240be-943e-4198-8635-20359aed73c7
1e45873a-5ba7-40bd-903b-d084dac3b054	cb5da69a-ea67-4bdd-b69c-191f46209cf3
1e45873a-5ba7-40bd-903b-d084dac3b054	e2e6be8d-80c4-454e-977a-14b5f92c2502
1e45873a-5ba7-40bd-903b-d084dac3b054	950a4d02-4c52-49cf-992f-18f13e551abb
1fb28cbe-3d53-4df4-b9e8-181d5117f7b4	e757d51a-ef5e-4bc6-a3e1-ede4290fe0c1
0ea607cf-2b25-4483-8fd5-d1e76f1d21e1	bfd58c77-0f31-4025-b344-9fbce15cb362
0ea607cf-2b25-4483-8fd5-d1e76f1d21e1	f45554e0-95d1-483f-994c-a0c56617a3e5
0ea607cf-2b25-4483-8fd5-d1e76f1d21e1	e53ad64d-1476-428a-95d0-b2bfee89095d
0ea607cf-2b25-4483-8fd5-d1e76f1d21e1	950a4d02-4c52-49cf-992f-18f13e551abb
01057b97-6199-4fcb-a76f-4e1f5f628aaa	3a0854e1-df74-4917-ba7e-ac8dd130f9c9
01057b97-6199-4fcb-a76f-4e1f5f628aaa	f45554e0-95d1-483f-994c-a0c56617a3e5
3b119f70-150b-40ef-b9bd-f183a076a1f0	3a0854e1-df74-4917-ba7e-ac8dd130f9c9
37e26b0c-3811-42ae-8c9b-17fa12e1018b	bfd58c77-0f31-4025-b344-9fbce15cb362
37e26b0c-3811-42ae-8c9b-17fa12e1018b	f45554e0-95d1-483f-994c-a0c56617a3e5
37e26b0c-3811-42ae-8c9b-17fa12e1018b	caaf1b46-dd86-4047-b2c6-ecdebfcfa94c
37e26b0c-3811-42ae-8c9b-17fa12e1018b	950a4d02-4c52-49cf-992f-18f13e551abb
cc1b8bdf-fbc8-44e4-a4fb-52409c499316	f45554e0-95d1-483f-994c-a0c56617a3e5
cc1b8bdf-fbc8-44e4-a4fb-52409c499316	950a4d02-4c52-49cf-992f-18f13e551abb
5b65a944-226a-4999-bb24-8b7bf2ec052d	cb5da69a-ea67-4bdd-b69c-191f46209cf3
5b65a944-226a-4999-bb24-8b7bf2ec052d	e2e6be8d-80c4-454e-977a-14b5f92c2502
5b65a944-226a-4999-bb24-8b7bf2ec052d	89e240be-943e-4198-8635-20359aed73c7
e9e085ab-f62e-43e1-aa53-04170eec1b12	bfd58c77-0f31-4025-b344-9fbce15cb362
e9e085ab-f62e-43e1-aa53-04170eec1b12	f45554e0-95d1-483f-994c-a0c56617a3e5
e9e085ab-f62e-43e1-aa53-04170eec1b12	9c949e7e-3de8-40c0-b5c1-64324be33389
e9e085ab-f62e-43e1-aa53-04170eec1b12	950a4d02-4c52-49cf-992f-18f13e551abb
006bc13e-cbc2-4283-b596-90e598c2b7ce	cb5da69a-ea67-4bdd-b69c-191f46209cf3
618fc4f3-fa95-4ebf-a0f2-f7b045e99477	f45554e0-95d1-483f-994c-a0c56617a3e5
c3764f20-df6e-4160-a7ff-9c770f2ab2ff	424e6e69-4943-48dd-8da2-d19d25249cde
1d810d33-6d72-4bcd-8c75-f516f252c7c6	f45554e0-95d1-483f-994c-a0c56617a3e5
f15964ce-4e5c-4b72-bd64-0a9b044f53ef	e757d51a-ef5e-4bc6-a3e1-ede4290fe0c1
f15964ce-4e5c-4b72-bd64-0a9b044f53ef	caaf1b46-dd86-4047-b2c6-ecdebfcfa94c
b004df1c-0be0-425f-a912-6b0d0097b5f1	424e6e69-4943-48dd-8da2-d19d25249cde
188ec95c-8c47-42e8-b88d-629adf800b3e	3a0854e1-df74-4917-ba7e-ac8dd130f9c9
188ec95c-8c47-42e8-b88d-629adf800b3e	f45554e0-95d1-483f-994c-a0c56617a3e5
188ec95c-8c47-42e8-b88d-629adf800b3e	caaf1b46-dd86-4047-b2c6-ecdebfcfa94c
188ec95c-8c47-42e8-b88d-629adf800b3e	9c949e7e-3de8-40c0-b5c1-64324be33389
188ec95c-8c47-42e8-b88d-629adf800b3e	950a4d02-4c52-49cf-992f-18f13e551abb
a5b3b8f1-aa0b-4ff7-9a14-579d8f2f5d0a	3a0854e1-df74-4917-ba7e-ac8dd130f9c9
8f066a92-f7a8-42c6-9308-2d1bca591b86	89e240be-943e-4198-8635-20359aed73c7
8f066a92-f7a8-42c6-9308-2d1bca591b86	f45554e0-95d1-483f-994c-a0c56617a3e5
2d3d17d6-b108-4fe9-abbc-8bc74d08f61a	cb5da69a-ea67-4bdd-b69c-191f46209cf3
2d3d17d6-b108-4fe9-abbc-8bc74d08f61a	3a0854e1-df74-4917-ba7e-ac8dd130f9c9
2d3d17d6-b108-4fe9-abbc-8bc74d08f61a	bfd58c77-0f31-4025-b344-9fbce15cb362
c9522742-6d99-4ce3-88b0-8f2aabddf4c8	3a0854e1-df74-4917-ba7e-ac8dd130f9c9
bd502323-aa8d-4924-a29b-ace72b8ecb56	f45554e0-95d1-483f-994c-a0c56617a3e5
85d3cae0-a180-47e7-a8ce-f18ca4904ae5	bfd58c77-0f31-4025-b344-9fbce15cb362
85d3cae0-a180-47e7-a8ce-f18ca4904ae5	f45554e0-95d1-483f-994c-a0c56617a3e5
85d3cae0-a180-47e7-a8ce-f18ca4904ae5	e53ad64d-1476-428a-95d0-b2bfee89095d
303e0134-13ea-487e-af71-db64cebd9515	3a0854e1-df74-4917-ba7e-ac8dd130f9c9
ed25ba5a-4b2b-49dd-9208-f4f4296d3c11	f45554e0-95d1-483f-994c-a0c56617a3e5
6a3f2cb4-a09c-4792-9e5c-0abab3b1c610	3a0854e1-df74-4917-ba7e-ac8dd130f9c9
4b694114-4f57-4eda-b333-8b4a3229d843	f45554e0-95d1-483f-994c-a0c56617a3e5
dc638a3b-3eb7-4b04-843a-8639849085d4	e2e6be8d-80c4-454e-977a-14b5f92c2502
dc638a3b-3eb7-4b04-843a-8639849085d4	f45554e0-95d1-483f-994c-a0c56617a3e5
dc638a3b-3eb7-4b04-843a-8639849085d4	caaf1b46-dd86-4047-b2c6-ecdebfcfa94c
db75a944-ea0a-4fbe-970c-a50ce523cfc7	f45554e0-95d1-483f-994c-a0c56617a3e5
db75a944-ea0a-4fbe-970c-a50ce523cfc7	e53ad64d-1476-428a-95d0-b2bfee89095d
db75a944-ea0a-4fbe-970c-a50ce523cfc7	950a4d02-4c52-49cf-992f-18f13e551abb
53a6879f-5774-48a6-8340-08dc455f671f	f573ecd9-db92-4a66-8760-c01d9110a448
53a6879f-5774-48a6-8340-08dc455f671f	3a0854e1-df74-4917-ba7e-ac8dd130f9c9
53a6879f-5774-48a6-8340-08dc455f671f	9c949e7e-3de8-40c0-b5c1-64324be33389
6302b72a-c257-4422-bb8d-12fbd7aabf57	e757d51a-ef5e-4bc6-a3e1-ede4290fe0c1
6302b72a-c257-4422-bb8d-12fbd7aabf57	950a4d02-4c52-49cf-992f-18f13e551abb
7c8acc97-481f-4d20-883a-a7502e3b6f8a	3a0854e1-df74-4917-ba7e-ac8dd130f9c9
7c8acc97-481f-4d20-883a-a7502e3b6f8a	9c949e7e-3de8-40c0-b5c1-64324be33389
acfc1595-034a-4313-8828-74216499951e	e757d51a-ef5e-4bc6-a3e1-ede4290fe0c1
acfc1595-034a-4313-8828-74216499951e	950a4d02-4c52-49cf-992f-18f13e551abb
a8055777-018e-451e-b54d-599463508473	cb5da69a-ea67-4bdd-b69c-191f46209cf3
a8055777-018e-451e-b54d-599463508473	e2e6be8d-80c4-454e-977a-14b5f92c2502
a8055777-018e-451e-b54d-599463508473	da88ba55-8d28-4362-ade6-5be4e1da2033
f84e95bc-fa6f-44a3-840f-3cb0137d0387	cb5da69a-ea67-4bdd-b69c-191f46209cf3
f84e95bc-fa6f-44a3-840f-3cb0137d0387	3a0854e1-df74-4917-ba7e-ac8dd130f9c9
f84e95bc-fa6f-44a3-840f-3cb0137d0387	bfd58c77-0f31-4025-b344-9fbce15cb362
f84e95bc-fa6f-44a3-840f-3cb0137d0387	950a4d02-4c52-49cf-992f-18f13e551abb
882f6186-32a5-4202-94fd-9913da955fee	f45554e0-95d1-483f-994c-a0c56617a3e5
dacb944d-4836-4810-b88c-3d9a94788678	cb5da69a-ea67-4bdd-b69c-191f46209cf3
dacb944d-4836-4810-b88c-3d9a94788678	e2e6be8d-80c4-454e-977a-14b5f92c2502
dacb944d-4836-4810-b88c-3d9a94788678	3a0854e1-df74-4917-ba7e-ac8dd130f9c9
1dc4683d-c0f1-4f72-b5c5-4a2deaf5bc87	f45554e0-95d1-483f-994c-a0c56617a3e5
1dc4683d-c0f1-4f72-b5c5-4a2deaf5bc87	e757d51a-ef5e-4bc6-a3e1-ede4290fe0c1
f6faf68f-e35c-417b-8c36-99508d6a9aba	bfd58c77-0f31-4025-b344-9fbce15cb362
f6faf68f-e35c-417b-8c36-99508d6a9aba	f45554e0-95d1-483f-994c-a0c56617a3e5
f6faf68f-e35c-417b-8c36-99508d6a9aba	e53ad64d-1476-428a-95d0-b2bfee89095d
4f9439ee-f02a-4e48-befb-3d73a63182f3	cb5da69a-ea67-4bdd-b69c-191f46209cf3
4f9439ee-f02a-4e48-befb-3d73a63182f3	3a0854e1-df74-4917-ba7e-ac8dd130f9c9
f6f61f88-0392-40d2-8f18-695f4f6d8824	f45554e0-95d1-483f-994c-a0c56617a3e5
f6f61f88-0392-40d2-8f18-695f4f6d8824	e757d51a-ef5e-4bc6-a3e1-ede4290fe0c1
f6f61f88-0392-40d2-8f18-695f4f6d8824	caaf1b46-dd86-4047-b2c6-ecdebfcfa94c
163c55f0-d7f3-41c4-b937-606ed7c02dbd	f45554e0-95d1-483f-994c-a0c56617a3e5
163c55f0-d7f3-41c4-b937-606ed7c02dbd	9c949e7e-3de8-40c0-b5c1-64324be33389
ef9c61f3-bd5c-4fef-9f67-71a1f0b708a1	f45554e0-95d1-483f-994c-a0c56617a3e5
ef9c61f3-bd5c-4fef-9f67-71a1f0b708a1	9c949e7e-3de8-40c0-b5c1-64324be33389
e31ae316-7748-4ba9-a3bb-6aaed2b7133d	f45554e0-95d1-483f-994c-a0c56617a3e5
e31ae316-7748-4ba9-a3bb-6aaed2b7133d	caaf1b46-dd86-4047-b2c6-ecdebfcfa94c
e31ae316-7748-4ba9-a3bb-6aaed2b7133d	9c949e7e-3de8-40c0-b5c1-64324be33389
aa1099bf-f5ae-40f3-b3e9-8237df1d8646	f45554e0-95d1-483f-994c-a0c56617a3e5
6e254149-3665-43d4-8af8-ee63ca1c8261	424e6e69-4943-48dd-8da2-d19d25249cde
78f022b1-5631-40f9-a918-bbf235deeaed	e757d51a-ef5e-4bc6-a3e1-ede4290fe0c1
78f022b1-5631-40f9-a918-bbf235deeaed	950a4d02-4c52-49cf-992f-18f13e551abb
0f9df41c-8e95-4043-9cbf-aa39aeef4d1c	424e6e69-4943-48dd-8da2-d19d25249cde
74c7d91b-8176-43cd-a46a-52104a0b793d	cb5da69a-ea67-4bdd-b69c-191f46209cf3
74c7d91b-8176-43cd-a46a-52104a0b793d	f573ecd9-db92-4a66-8760-c01d9110a448
74c7d91b-8176-43cd-a46a-52104a0b793d	89e240be-943e-4198-8635-20359aed73c7
74c7d91b-8176-43cd-a46a-52104a0b793d	bfd58c77-0f31-4025-b344-9fbce15cb362
299f3f1f-f339-4ce0-b07c-1dfbb9814f3c	cb5da69a-ea67-4bdd-b69c-191f46209cf3
299f3f1f-f339-4ce0-b07c-1dfbb9814f3c	f573ecd9-db92-4a66-8760-c01d9110a448
299f3f1f-f339-4ce0-b07c-1dfbb9814f3c	a6f9afe2-c38d-4afd-91a6-0d0508cce315
299f3f1f-f339-4ce0-b07c-1dfbb9814f3c	950a4d02-4c52-49cf-992f-18f13e551abb
1c1efb5c-2569-4437-8700-5e72bb5c58f6	f45554e0-95d1-483f-994c-a0c56617a3e5
35292edf-e728-4d5c-bf68-e905c7985574	cb5da69a-ea67-4bdd-b69c-191f46209cf3
a9f23d9b-ff52-4911-82d3-c547aa04bce5	3a0854e1-df74-4917-ba7e-ac8dd130f9c9
006e3835-d1ea-44d5-9036-bf2736d1cf28	424e6e69-4943-48dd-8da2-d19d25249cde
f5b3750c-d49b-4dac-a9af-1d385dbcd87c	3a0854e1-df74-4917-ba7e-ac8dd130f9c9
f5b3750c-d49b-4dac-a9af-1d385dbcd87c	f45554e0-95d1-483f-994c-a0c56617a3e5
7d7856c1-c52f-4f80-a7f3-abb1462dd9a4	cb5da69a-ea67-4bdd-b69c-191f46209cf3
7d7856c1-c52f-4f80-a7f3-abb1462dd9a4	f45554e0-95d1-483f-994c-a0c56617a3e5
7d7856c1-c52f-4f80-a7f3-abb1462dd9a4	e6ce39a2-4d09-47fd-adf6-9fae16c6eedc
b8334fce-6992-4bcf-b9ae-395b8b0ca2ba	3a0854e1-df74-4917-ba7e-ac8dd130f9c9
fbe4e56c-8a00-4b3f-907d-aedf54a513c0	424e6e69-4943-48dd-8da2-d19d25249cde
aff91da3-21de-40bb-a04b-b2780c5bb8b5	f45554e0-95d1-483f-994c-a0c56617a3e5
9ddb6de5-6add-444d-9c06-d6742e16720f	e757d51a-ef5e-4bc6-a3e1-ede4290fe0c1
c85a4d03-98d3-4267-9fd3-0d9f044ede24	f45554e0-95d1-483f-994c-a0c56617a3e5
cc54594f-ef7b-4ef1-a16b-b1839c610430	89e240be-943e-4198-8635-20359aed73c7
d78a5186-f1b6-41fa-af96-dd9518546517	f45554e0-95d1-483f-994c-a0c56617a3e5
d78a5186-f1b6-41fa-af96-dd9518546517	e757d51a-ef5e-4bc6-a3e1-ede4290fe0c1
d78a5186-f1b6-41fa-af96-dd9518546517	950a4d02-4c52-49cf-992f-18f13e551abb
1a62cc20-542f-4f58-ba22-01c77f278a80	f45554e0-95d1-483f-994c-a0c56617a3e5
a50cb2ca-f35b-4fe2-bc55-2b00a51b661d	f45554e0-95d1-483f-994c-a0c56617a3e5
b3479b8b-9376-4877-8aa7-bbefca06db4e	f45554e0-95d1-483f-994c-a0c56617a3e5
335bbb36-fab8-4e2f-8527-38ab47c1f409	f45554e0-95d1-483f-994c-a0c56617a3e5
335bbb36-fab8-4e2f-8527-38ab47c1f409	e757d51a-ef5e-4bc6-a3e1-ede4290fe0c1
335bbb36-fab8-4e2f-8527-38ab47c1f409	a6f9afe2-c38d-4afd-91a6-0d0508cce315
39b9415a-9806-4d2c-a82b-09f5a239fa72	3a0854e1-df74-4917-ba7e-ac8dd130f9c9
39b9415a-9806-4d2c-a82b-09f5a239fa72	9c949e7e-3de8-40c0-b5c1-64324be33389
9769787e-4af1-48ee-bdde-1f6263d69f13	3a0854e1-df74-4917-ba7e-ac8dd130f9c9
5ba53abe-2e02-481a-bdb0-e7d62af7c589	ae6d98bb-cd0d-4526-b4e5-83f2a63096fa
6f6cf907-618b-46c9-97b2-2a3c5d263a75	3a0854e1-df74-4917-ba7e-ac8dd130f9c9
6f6cf907-618b-46c9-97b2-2a3c5d263a75	f45554e0-95d1-483f-994c-a0c56617a3e5
6f6cf907-618b-46c9-97b2-2a3c5d263a75	9c949e7e-3de8-40c0-b5c1-64324be33389
0b88b983-bed9-4daf-b017-4ae5e0189e2a	f45554e0-95d1-483f-994c-a0c56617a3e5
b6e90f19-961e-492a-84d9-e8c27cd12f93	f45554e0-95d1-483f-994c-a0c56617a3e5
173e2ecc-3282-4521-9217-38076acc0715	f45554e0-95d1-483f-994c-a0c56617a3e5
28e7d6f1-b544-41bb-bd72-b43db3266453	f45554e0-95d1-483f-994c-a0c56617a3e5
28e7d6f1-b544-41bb-bd72-b43db3266453	950a4d02-4c52-49cf-992f-18f13e551abb
ea518c25-3817-4b65-a673-73d1786d9e5a	89e240be-943e-4198-8635-20359aed73c7
ea518c25-3817-4b65-a673-73d1786d9e5a	3a0854e1-df74-4917-ba7e-ac8dd130f9c9
ea518c25-3817-4b65-a673-73d1786d9e5a	f45554e0-95d1-483f-994c-a0c56617a3e5
92932fcb-006b-4e85-9fe1-56a6c29b264a	f45554e0-95d1-483f-994c-a0c56617a3e5
92932fcb-006b-4e85-9fe1-56a6c29b264a	9c949e7e-3de8-40c0-b5c1-64324be33389
be6a93dd-9686-4db4-8355-e43c37adfa03	3a0854e1-df74-4917-ba7e-ac8dd130f9c9
be6a93dd-9686-4db4-8355-e43c37adfa03	f45554e0-95d1-483f-994c-a0c56617a3e5
caeb8928-2e96-4006-9bc3-eed8f2ca4462	f45554e0-95d1-483f-994c-a0c56617a3e5
cb410ba9-184c-42f0-8d28-3f523ffa5db8	e2e6be8d-80c4-454e-977a-14b5f92c2502
cb410ba9-184c-42f0-8d28-3f523ffa5db8	9c949e7e-3de8-40c0-b5c1-64324be33389
66bbb074-81e8-47b1-b8df-fd89bc738490	f573ecd9-db92-4a66-8760-c01d9110a448
66bbb074-81e8-47b1-b8df-fd89bc738490	89e240be-943e-4198-8635-20359aed73c7
66bbb074-81e8-47b1-b8df-fd89bc738490	3a0854e1-df74-4917-ba7e-ac8dd130f9c9
66bbb074-81e8-47b1-b8df-fd89bc738490	89a4409b-5bf0-4825-83e6-cc5549264484
f22d45ea-f751-41d5-b86b-e6267e6c933a	424e6e69-4943-48dd-8da2-d19d25249cde
6db4c7fc-240b-4a18-b312-c71df1093c5a	3a0854e1-df74-4917-ba7e-ac8dd130f9c9
6db4c7fc-240b-4a18-b312-c71df1093c5a	f45554e0-95d1-483f-994c-a0c56617a3e5
6db4c7fc-240b-4a18-b312-c71df1093c5a	9c949e7e-3de8-40c0-b5c1-64324be33389
b1280dc4-270a-4520-b1fe-70bec69ad7a4	3a0854e1-df74-4917-ba7e-ac8dd130f9c9
b1280dc4-270a-4520-b1fe-70bec69ad7a4	f45554e0-95d1-483f-994c-a0c56617a3e5
a17fbcf0-ff8f-4da7-8fd0-3ac8c7f6e272	424e6e69-4943-48dd-8da2-d19d25249cde
e41bb519-52d2-46f6-8730-7153528f3b88	3a0854e1-df74-4917-ba7e-ac8dd130f9c9
e41bb519-52d2-46f6-8730-7153528f3b88	f45554e0-95d1-483f-994c-a0c56617a3e5
ada131e7-8235-4dfe-ace1-4618b60117bb	f45554e0-95d1-483f-994c-a0c56617a3e5
28144ae6-82f2-4f2a-bb46-5a8c5b5ffa1b	e2e6be8d-80c4-454e-977a-14b5f92c2502
28144ae6-82f2-4f2a-bb46-5a8c5b5ffa1b	f573ecd9-db92-4a66-8760-c01d9110a448
28144ae6-82f2-4f2a-bb46-5a8c5b5ffa1b	89e240be-943e-4198-8635-20359aed73c7
28144ae6-82f2-4f2a-bb46-5a8c5b5ffa1b	da88ba55-8d28-4362-ade6-5be4e1da2033
6b40c2cd-6ce5-475d-b7c9-4fe17f14dafd	f45554e0-95d1-483f-994c-a0c56617a3e5
6b40c2cd-6ce5-475d-b7c9-4fe17f14dafd	9c949e7e-3de8-40c0-b5c1-64324be33389
6b40c2cd-6ce5-475d-b7c9-4fe17f14dafd	e6ce39a2-4d09-47fd-adf6-9fae16c6eedc
1ea99313-c8ca-46dc-b631-8948105eb2e2	e2e6be8d-80c4-454e-977a-14b5f92c2502
1ea99313-c8ca-46dc-b631-8948105eb2e2	f45554e0-95d1-483f-994c-a0c56617a3e5
1ea99313-c8ca-46dc-b631-8948105eb2e2	da88ba55-8d28-4362-ade6-5be4e1da2033
52bbfb82-6c5b-444d-a4f3-3ab3d0704103	f573ecd9-db92-4a66-8760-c01d9110a448
52bbfb82-6c5b-444d-a4f3-3ab3d0704103	3a0854e1-df74-4917-ba7e-ac8dd130f9c9
52bbfb82-6c5b-444d-a4f3-3ab3d0704103	f45554e0-95d1-483f-994c-a0c56617a3e5
70cb202e-2973-4341-a958-7cb744b536cc	3a0854e1-df74-4917-ba7e-ac8dd130f9c9
0fabad5f-0eab-48a7-9b2e-98194620c1b4	cb5da69a-ea67-4bdd-b69c-191f46209cf3
0fabad5f-0eab-48a7-9b2e-98194620c1b4	e2e6be8d-80c4-454e-977a-14b5f92c2502
9cbd9768-1ca8-46af-881c-00677b62bb38	bfd58c77-0f31-4025-b344-9fbce15cb362
9cbd9768-1ca8-46af-881c-00677b62bb38	f45554e0-95d1-483f-994c-a0c56617a3e5
41ccdf5a-2a63-40a4-be06-eba182ae2b60	3a0854e1-df74-4917-ba7e-ac8dd130f9c9
41ccdf5a-2a63-40a4-be06-eba182ae2b60	9c949e7e-3de8-40c0-b5c1-64324be33389
165df46b-46e2-4fb7-a0bf-63aaab86944d	f45554e0-95d1-483f-994c-a0c56617a3e5
165df46b-46e2-4fb7-a0bf-63aaab86944d	e53ad64d-1476-428a-95d0-b2bfee89095d
66eab7b5-1a31-4647-a151-c7e4f791779b	f45554e0-95d1-483f-994c-a0c56617a3e5
66eab7b5-1a31-4647-a151-c7e4f791779b	e6ce39a2-4d09-47fd-adf6-9fae16c6eedc
95dfa4ea-c7f2-4aaa-b4de-c6e2c5bd8f12	3a0854e1-df74-4917-ba7e-ac8dd130f9c9
e3eb11e2-4e0e-4043-9ddd-dbb8f9db502e	cb5da69a-ea67-4bdd-b69c-191f46209cf3
e3eb11e2-4e0e-4043-9ddd-dbb8f9db502e	950a4d02-4c52-49cf-992f-18f13e551abb
35a4fb56-390a-49f1-9e81-85a9cabd040a	89e240be-943e-4198-8635-20359aed73c7
35a4fb56-390a-49f1-9e81-85a9cabd040a	3a0854e1-df74-4917-ba7e-ac8dd130f9c9
35a4fb56-390a-49f1-9e81-85a9cabd040a	da88ba55-8d28-4362-ade6-5be4e1da2033
35a4fb56-390a-49f1-9e81-85a9cabd040a	0999254b-81b3-4933-b12a-ffe52fa992fc
9cc65b60-7764-4712-941e-100c33229221	cb5da69a-ea67-4bdd-b69c-191f46209cf3
9cc65b60-7764-4712-941e-100c33229221	bfd58c77-0f31-4025-b344-9fbce15cb362
ed7f1ee4-d120-4489-b92d-aae6aa875e31	cb5da69a-ea67-4bdd-b69c-191f46209cf3
ed7f1ee4-d120-4489-b92d-aae6aa875e31	3a0854e1-df74-4917-ba7e-ac8dd130f9c9
ed7f1ee4-d120-4489-b92d-aae6aa875e31	0999254b-81b3-4933-b12a-ffe52fa992fc
ed7f1ee4-d120-4489-b92d-aae6aa875e31	a6f9afe2-c38d-4afd-91a6-0d0508cce315
52437889-7fd5-4c08-94f8-b297244d69ce	3a0854e1-df74-4917-ba7e-ac8dd130f9c9
52437889-7fd5-4c08-94f8-b297244d69ce	bfd58c77-0f31-4025-b344-9fbce15cb362
ae2d4386-02ed-4440-b415-6c33c751e9c6	cb5da69a-ea67-4bdd-b69c-191f46209cf3
ae2d4386-02ed-4440-b415-6c33c751e9c6	bfd58c77-0f31-4025-b344-9fbce15cb362
ae2d4386-02ed-4440-b415-6c33c751e9c6	e757d51a-ef5e-4bc6-a3e1-ede4290fe0c1
588dcbbf-fbf4-4699-97cd-cc8c967f5743	3a0854e1-df74-4917-ba7e-ac8dd130f9c9
23592e7d-249a-455b-9cbf-a94c5eedfccc	e2e6be8d-80c4-454e-977a-14b5f92c2502
23592e7d-249a-455b-9cbf-a94c5eedfccc	89e240be-943e-4198-8635-20359aed73c7
23592e7d-249a-455b-9cbf-a94c5eedfccc	0999254b-81b3-4933-b12a-ffe52fa992fc
e9f6b94d-0551-4bd1-a110-54e1793a652b	cb5da69a-ea67-4bdd-b69c-191f46209cf3
e9f6b94d-0551-4bd1-a110-54e1793a652b	f45554e0-95d1-483f-994c-a0c56617a3e5
e9f6b94d-0551-4bd1-a110-54e1793a652b	e6ce39a2-4d09-47fd-adf6-9fae16c6eedc
f42729c6-3765-4824-b1db-e88b4f52255a	3a0854e1-df74-4917-ba7e-ac8dd130f9c9
f42729c6-3765-4824-b1db-e88b4f52255a	9c949e7e-3de8-40c0-b5c1-64324be33389
88ec068c-fa1d-4be9-9f19-60aba7f49b92	cb5da69a-ea67-4bdd-b69c-191f46209cf3
88ec068c-fa1d-4be9-9f19-60aba7f49b92	3a0854e1-df74-4917-ba7e-ac8dd130f9c9
9d3119d2-2d27-4eb2-9f15-657077e9fa02	3a0854e1-df74-4917-ba7e-ac8dd130f9c9
fa588cb7-37c1-4635-8b06-9616f824e3f9	f45554e0-95d1-483f-994c-a0c56617a3e5
fa588cb7-37c1-4635-8b06-9616f824e3f9	9c949e7e-3de8-40c0-b5c1-64324be33389
8a5180dd-2e0a-44dd-95b6-72442e81475a	e2e6be8d-80c4-454e-977a-14b5f92c2502
8a5180dd-2e0a-44dd-95b6-72442e81475a	f45554e0-95d1-483f-994c-a0c56617a3e5
863b39a3-5903-4f46-81b2-7ff3cc8a2285	f45554e0-95d1-483f-994c-a0c56617a3e5
1c1c98a3-ec5e-4acb-b64d-3d2b09f750a5	424e6e69-4943-48dd-8da2-d19d25249cde
220bd74b-a0a3-407e-816e-9fac09718e9a	e2e6be8d-80c4-454e-977a-14b5f92c2502
220bd74b-a0a3-407e-816e-9fac09718e9a	f45554e0-95d1-483f-994c-a0c56617a3e5
380d1ab1-5bc9-4fd4-a157-52083a45b683	f45554e0-95d1-483f-994c-a0c56617a3e5
380d1ab1-5bc9-4fd4-a157-52083a45b683	0999254b-81b3-4933-b12a-ffe52fa992fc
2e90bcb7-508d-441b-9b2e-0135affafdd6	cb5da69a-ea67-4bdd-b69c-191f46209cf3
2e90bcb7-508d-441b-9b2e-0135affafdd6	e2e6be8d-80c4-454e-977a-14b5f92c2502
2e90bcb7-508d-441b-9b2e-0135affafdd6	f45554e0-95d1-483f-994c-a0c56617a3e5
caddfca8-61ee-4429-8596-b655cca6002e	bfd58c77-0f31-4025-b344-9fbce15cb362
caddfca8-61ee-4429-8596-b655cca6002e	f45554e0-95d1-483f-994c-a0c56617a3e5
7fac9455-f84c-4395-baad-bb3af2b50691	89e240be-943e-4198-8635-20359aed73c7
7fac9455-f84c-4395-baad-bb3af2b50691	3a0854e1-df74-4917-ba7e-ac8dd130f9c9
7fac9455-f84c-4395-baad-bb3af2b50691	f45554e0-95d1-483f-994c-a0c56617a3e5
7fac9455-f84c-4395-baad-bb3af2b50691	da88ba55-8d28-4362-ade6-5be4e1da2033
b50ee8ff-f9d3-4e26-ac8c-738012d96e26	3a0854e1-df74-4917-ba7e-ac8dd130f9c9
b50ee8ff-f9d3-4e26-ac8c-738012d96e26	f45554e0-95d1-483f-994c-a0c56617a3e5
97117e0a-236c-415a-835b-bd73f298ab60	3a0854e1-df74-4917-ba7e-ac8dd130f9c9
97117e0a-236c-415a-835b-bd73f298ab60	bfd58c77-0f31-4025-b344-9fbce15cb362
97117e0a-236c-415a-835b-bd73f298ab60	f45554e0-95d1-483f-994c-a0c56617a3e5
97117e0a-236c-415a-835b-bd73f298ab60	9c949e7e-3de8-40c0-b5c1-64324be33389
17d61026-4aa6-4e9f-852b-950b736aa048	3a0854e1-df74-4917-ba7e-ac8dd130f9c9
82a84b6d-cf5d-4d55-b67f-6b24015ee283	424e6e69-4943-48dd-8da2-d19d25249cde
bae4d4c5-15a1-42f5-963b-d8d0c851abd5	3a0854e1-df74-4917-ba7e-ac8dd130f9c9
bae4d4c5-15a1-42f5-963b-d8d0c851abd5	9c949e7e-3de8-40c0-b5c1-64324be33389
79fd9145-d487-410a-a02e-d41aa32b7bea	3a0854e1-df74-4917-ba7e-ac8dd130f9c9
79fd9145-d487-410a-a02e-d41aa32b7bea	bfd58c77-0f31-4025-b344-9fbce15cb362
79fd9145-d487-410a-a02e-d41aa32b7bea	caaf1b46-dd86-4047-b2c6-ecdebfcfa94c
794bd5d7-8ba1-4924-b5e4-7e9d2c2e14c1	f573ecd9-db92-4a66-8760-c01d9110a448
794bd5d7-8ba1-4924-b5e4-7e9d2c2e14c1	424e6e69-4943-48dd-8da2-d19d25249cde
79a149d3-ed80-472b-be20-3ac96bc39775	3a0854e1-df74-4917-ba7e-ac8dd130f9c9
79a149d3-ed80-472b-be20-3ac96bc39775	f45554e0-95d1-483f-994c-a0c56617a3e5
79a149d3-ed80-472b-be20-3ac96bc39775	9c949e7e-3de8-40c0-b5c1-64324be33389
b1aafb29-61e7-4580-bcbc-8b395550577a	3a0854e1-df74-4917-ba7e-ac8dd130f9c9
b1aafb29-61e7-4580-bcbc-8b395550577a	f45554e0-95d1-483f-994c-a0c56617a3e5
b1aafb29-61e7-4580-bcbc-8b395550577a	9c949e7e-3de8-40c0-b5c1-64324be33389
5e605399-eac3-4793-8bd3-784c73b0a28e	f45554e0-95d1-483f-994c-a0c56617a3e5
7ee02535-e494-4bf8-a7e5-2ebdb6c36794	f45554e0-95d1-483f-994c-a0c56617a3e5
43c0c8e9-2f6b-4ba3-91a8-debb18c28737	f45554e0-95d1-483f-994c-a0c56617a3e5
43c0c8e9-2f6b-4ba3-91a8-debb18c28737	da88ba55-8d28-4362-ade6-5be4e1da2033
43c0c8e9-2f6b-4ba3-91a8-debb18c28737	9c949e7e-3de8-40c0-b5c1-64324be33389
8fac2e7f-4373-40f5-b1e9-5a6f915ceb79	cb5da69a-ea67-4bdd-b69c-191f46209cf3
8fac2e7f-4373-40f5-b1e9-5a6f915ceb79	e2e6be8d-80c4-454e-977a-14b5f92c2502
8fac2e7f-4373-40f5-b1e9-5a6f915ceb79	f45554e0-95d1-483f-994c-a0c56617a3e5
8fac2e7f-4373-40f5-b1e9-5a6f915ceb79	9c949e7e-3de8-40c0-b5c1-64324be33389
013fab28-2984-4613-afde-9d2b75f25579	f45554e0-95d1-483f-994c-a0c56617a3e5
5f0eb29b-1c00-4418-8681-921d0e497727	e2e6be8d-80c4-454e-977a-14b5f92c2502
fd6f6257-12df-41ec-be88-5e6d044892b1	3a0854e1-df74-4917-ba7e-ac8dd130f9c9
52329b79-60bb-470a-bc4d-c4fed73417bc	e757d51a-ef5e-4bc6-a3e1-ede4290fe0c1
52329b79-60bb-470a-bc4d-c4fed73417bc	950a4d02-4c52-49cf-992f-18f13e551abb
e81e0ec0-ed91-42bf-b5e3-8859fd9b5304	3a0854e1-df74-4917-ba7e-ac8dd130f9c9
e81e0ec0-ed91-42bf-b5e3-8859fd9b5304	0999254b-81b3-4933-b12a-ffe52fa992fc
e81e0ec0-ed91-42bf-b5e3-8859fd9b5304	9c949e7e-3de8-40c0-b5c1-64324be33389
1b680a25-4b95-49f7-861b-17e43fc69a53	3a0854e1-df74-4917-ba7e-ac8dd130f9c9
b293e7b8-58c7-47c5-a3b4-00345e90fab6	ae6d98bb-cd0d-4526-b4e5-83f2a63096fa
628d2cf1-a88c-43f3-af0e-2ab3b1a985ba	3a0854e1-df74-4917-ba7e-ac8dd130f9c9
c322cc90-c7eb-45fb-a9e1-e25096a40737	e757d51a-ef5e-4bc6-a3e1-ede4290fe0c1
dfe0ef79-943f-497f-bc60-1a04c0567258	f45554e0-95d1-483f-994c-a0c56617a3e5
5ffd41c5-c755-4192-a430-fb35f89f9920	424e6e69-4943-48dd-8da2-d19d25249cde
70194655-ad10-48fa-997e-d456cc5e9481	e2e6be8d-80c4-454e-977a-14b5f92c2502
70194655-ad10-48fa-997e-d456cc5e9481	89e240be-943e-4198-8635-20359aed73c7
70194655-ad10-48fa-997e-d456cc5e9481	3a0854e1-df74-4917-ba7e-ac8dd130f9c9
70194655-ad10-48fa-997e-d456cc5e9481	da88ba55-8d28-4362-ade6-5be4e1da2033
c77a35d7-c590-4caf-a996-ceddd648e9bb	f45554e0-95d1-483f-994c-a0c56617a3e5
c77a35d7-c590-4caf-a996-ceddd648e9bb	a6f9afe2-c38d-4afd-91a6-0d0508cce315
f994b08a-f21f-4fc7-8cd8-6fc160e925fd	f45554e0-95d1-483f-994c-a0c56617a3e5
249cd70b-e002-4557-8671-856bf6d09059	e757d51a-ef5e-4bc6-a3e1-ede4290fe0c1
fbb21a4e-857d-45c3-9a68-a82740d479ec	cb5da69a-ea67-4bdd-b69c-191f46209cf3
fbb21a4e-857d-45c3-9a68-a82740d479ec	e2e6be8d-80c4-454e-977a-14b5f92c2502
fbb21a4e-857d-45c3-9a68-a82740d479ec	da88ba55-8d28-4362-ade6-5be4e1da2033
67692997-65b5-49cc-99ca-ac0471653244	e757d51a-ef5e-4bc6-a3e1-ede4290fe0c1
b736f5c3-6083-41cc-893c-298d88de0d97	3a0854e1-df74-4917-ba7e-ac8dd130f9c9
b736f5c3-6083-41cc-893c-298d88de0d97	f45554e0-95d1-483f-994c-a0c56617a3e5
b736f5c3-6083-41cc-893c-298d88de0d97	9c949e7e-3de8-40c0-b5c1-64324be33389
ce099c8d-25ff-4abf-83a5-f8fe9718465c	e757d51a-ef5e-4bc6-a3e1-ede4290fe0c1
ce099c8d-25ff-4abf-83a5-f8fe9718465c	a6f9afe2-c38d-4afd-91a6-0d0508cce315
27aad288-9eb6-4acc-a4a9-c60796c45186	3a0854e1-df74-4917-ba7e-ac8dd130f9c9
27aad288-9eb6-4acc-a4a9-c60796c45186	f45554e0-95d1-483f-994c-a0c56617a3e5
9f5fb80a-9d4a-42bd-afd4-f13c7e9dff0a	bfd58c77-0f31-4025-b344-9fbce15cb362
9f5fb80a-9d4a-42bd-afd4-f13c7e9dff0a	f45554e0-95d1-483f-994c-a0c56617a3e5
9f5fb80a-9d4a-42bd-afd4-f13c7e9dff0a	9c949e7e-3de8-40c0-b5c1-64324be33389
ed5a6063-49e5-4ae3-b11d-ad419803f5d0	e757d51a-ef5e-4bc6-a3e1-ede4290fe0c1
a37f93dc-8f32-4e38-a200-c78abc328ed6	f45554e0-95d1-483f-994c-a0c56617a3e5
96219d5f-3a1d-49cf-b4ad-043f49891907	f45554e0-95d1-483f-994c-a0c56617a3e5
e8f323fd-782f-468a-b7b5-baf70dd4f90c	424e6e69-4943-48dd-8da2-d19d25249cde
22bd025a-45e1-416d-b40c-e0bb5d0592ac	3a0854e1-df74-4917-ba7e-ac8dd130f9c9
b17f02ff-82d6-419f-b540-a75e3a850e73	424e6e69-4943-48dd-8da2-d19d25249cde
01c634eb-be6f-4189-b321-dd2d0f172055	e2e6be8d-80c4-454e-977a-14b5f92c2502
01c634eb-be6f-4189-b321-dd2d0f172055	3a0854e1-df74-4917-ba7e-ac8dd130f9c9
01c634eb-be6f-4189-b321-dd2d0f172055	bfd58c77-0f31-4025-b344-9fbce15cb362
01c634eb-be6f-4189-b321-dd2d0f172055	9c949e7e-3de8-40c0-b5c1-64324be33389
ec77c107-ae1d-49db-b585-0b438b0e4407	3a0854e1-df74-4917-ba7e-ac8dd130f9c9
ec77c107-ae1d-49db-b585-0b438b0e4407	bfd58c77-0f31-4025-b344-9fbce15cb362
ec77c107-ae1d-49db-b585-0b438b0e4407	f45554e0-95d1-483f-994c-a0c56617a3e5
ec77c107-ae1d-49db-b585-0b438b0e4407	caaf1b46-dd86-4047-b2c6-ecdebfcfa94c
ec77c107-ae1d-49db-b585-0b438b0e4407	9c949e7e-3de8-40c0-b5c1-64324be33389
2c3a4d20-b42b-470c-aa55-a66890b9aa15	3a0854e1-df74-4917-ba7e-ac8dd130f9c9
754674b8-324d-45fe-b1fe-30ab1634358f	cb5da69a-ea67-4bdd-b69c-191f46209cf3
754674b8-324d-45fe-b1fe-30ab1634358f	e2e6be8d-80c4-454e-977a-14b5f92c2502
754674b8-324d-45fe-b1fe-30ab1634358f	ae6d98bb-cd0d-4526-b4e5-83f2a63096fa
d436c86f-422a-4c8c-9dd8-4396744acf9b	424e6e69-4943-48dd-8da2-d19d25249cde
94822c10-4f59-445d-b877-0c13dc8336a2	f45554e0-95d1-483f-994c-a0c56617a3e5
ee875210-aa59-4fa4-9822-defa19abfa3d	3a0854e1-df74-4917-ba7e-ac8dd130f9c9
ee875210-aa59-4fa4-9822-defa19abfa3d	9c949e7e-3de8-40c0-b5c1-64324be33389
bedffb16-70ca-418a-ab05-267d79ee6b20	f573ecd9-db92-4a66-8760-c01d9110a448
b42b0d2d-1051-4d3c-8f38-a93a69eb3644	3a0854e1-df74-4917-ba7e-ac8dd130f9c9
b42b0d2d-1051-4d3c-8f38-a93a69eb3644	f45554e0-95d1-483f-994c-a0c56617a3e5
a95aa941-c4f1-4697-9a79-1b95f3df2863	f45554e0-95d1-483f-994c-a0c56617a3e5
a95aa941-c4f1-4697-9a79-1b95f3df2863	caaf1b46-dd86-4047-b2c6-ecdebfcfa94c
529465d7-5e74-40c2-8c02-c5e1aca27236	cb5da69a-ea67-4bdd-b69c-191f46209cf3
529465d7-5e74-40c2-8c02-c5e1aca27236	da88ba55-8d28-4362-ade6-5be4e1da2033
7f725d09-00bc-4035-bfbe-65180b0688b6	f45554e0-95d1-483f-994c-a0c56617a3e5
7f725d09-00bc-4035-bfbe-65180b0688b6	da88ba55-8d28-4362-ade6-5be4e1da2033
7f725d09-00bc-4035-bfbe-65180b0688b6	e757d51a-ef5e-4bc6-a3e1-ede4290fe0c1
7f725d09-00bc-4035-bfbe-65180b0688b6	950a4d02-4c52-49cf-992f-18f13e551abb
9303c9ba-100f-4bed-b177-a183f53c71f3	424e6e69-4943-48dd-8da2-d19d25249cde
c1cb1a5c-6f46-4099-b324-8b20b5f82d71	3a0854e1-df74-4917-ba7e-ac8dd130f9c9
c1cb1a5c-6f46-4099-b324-8b20b5f82d71	bfd58c77-0f31-4025-b344-9fbce15cb362
c1cb1a5c-6f46-4099-b324-8b20b5f82d71	caaf1b46-dd86-4047-b2c6-ecdebfcfa94c
c32ea73e-1280-4c85-88e6-2d33e6561632	caaf1b46-dd86-4047-b2c6-ecdebfcfa94c
d63485df-ca80-4aed-af5e-e503ebd07195	f573ecd9-db92-4a66-8760-c01d9110a448
d63485df-ca80-4aed-af5e-e503ebd07195	89e240be-943e-4198-8635-20359aed73c7
6a58f91b-b58a-40d0-b9db-53c384918a64	89e240be-943e-4198-8635-20359aed73c7
6a58f91b-b58a-40d0-b9db-53c384918a64	3a0854e1-df74-4917-ba7e-ac8dd130f9c9
6a58f91b-b58a-40d0-b9db-53c384918a64	f45554e0-95d1-483f-994c-a0c56617a3e5
6a58f91b-b58a-40d0-b9db-53c384918a64	da88ba55-8d28-4362-ade6-5be4e1da2033
6ac5b139-3ed9-4746-9a21-bfeecb249018	f45554e0-95d1-483f-994c-a0c56617a3e5
4da4f226-f254-4705-8d1d-18d46d54255b	3a0854e1-df74-4917-ba7e-ac8dd130f9c9
ad437df6-b5ce-4983-8505-338179e67816	e2e6be8d-80c4-454e-977a-14b5f92c2502
ad437df6-b5ce-4983-8505-338179e67816	3a0854e1-df74-4917-ba7e-ac8dd130f9c9
9b287fc0-568e-4600-8ff3-a3ad07041d49	3a0854e1-df74-4917-ba7e-ac8dd130f9c9
9b287fc0-568e-4600-8ff3-a3ad07041d49	9c949e7e-3de8-40c0-b5c1-64324be33389
6acafe98-5ad7-4c02-91a9-ea1b2e648968	424e6e69-4943-48dd-8da2-d19d25249cde
f63b5b19-2511-4fac-8d34-1a1008ce284a	f45554e0-95d1-483f-994c-a0c56617a3e5
ca6be881-2ba8-4e8f-a83b-01acc9b0c0e9	3a0854e1-df74-4917-ba7e-ac8dd130f9c9
ca6be881-2ba8-4e8f-a83b-01acc9b0c0e9	f45554e0-95d1-483f-994c-a0c56617a3e5
ca6be881-2ba8-4e8f-a83b-01acc9b0c0e9	9c949e7e-3de8-40c0-b5c1-64324be33389
cce332a3-d5f3-4ecf-b5ef-8d6452e27077	a6f9afe2-c38d-4afd-91a6-0d0508cce315
c9eb92ef-f23b-4c44-a68c-00875e1ff7ca	caaf1b46-dd86-4047-b2c6-ecdebfcfa94c
c9eb92ef-f23b-4c44-a68c-00875e1ff7ca	950a4d02-4c52-49cf-992f-18f13e551abb
8b2d3e54-b765-4dda-9162-f5545cd12395	f45554e0-95d1-483f-994c-a0c56617a3e5
\.


--
-- Data for Name: tag; Type: TABLE DATA; Schema: public; Owner: -
--

COPY public.tag (id, name) FROM stdin;
3a0854e1-df74-4917-ba7e-ac8dd130f9c9	Comedy
e2e6be8d-80c4-454e-977a-14b5f92c2502	Adventure
e757d51a-ef5e-4bc6-a3e1-ede4290fe0c1	Horror
950a4d02-4c52-49cf-992f-18f13e551abb	Thriller
f45554e0-95d1-483f-994c-a0c56617a3e5	Drama
bfd58c77-0f31-4025-b344-9fbce15cb362	Crime
89e240be-943e-4198-8635-20359aed73c7	Children
da88ba55-8d28-4362-ade6-5be4e1da2033	Fantasy
9c949e7e-3de8-40c0-b5c1-64324be33389	Romance
0999254b-81b3-4933-b12a-ffe52fa992fc	Musical
a6f9afe2-c38d-4afd-91a6-0d0508cce315	Sci-Fi
424e6e69-4943-48dd-8da2-d19d25249cde	Documentary
cb5da69a-ea67-4bdd-b69c-191f46209cf3	Action
e6ce39a2-4d09-47fd-adf6-9fae16c6eedc	War
f573ecd9-db92-4a66-8760-c01d9110a448	Animation
caaf1b46-dd86-4047-b2c6-ecdebfcfa94c	Mystery
ae6d98bb-cd0d-4526-b4e5-83f2a63096fa	Western
89a4409b-5bf0-4825-83e6-cc5549264484	IMAX
e53ad64d-1476-428a-95d0-b2bfee89095d	Film-Noir
\.


--
-- Name: product_tags_tag PK_8da52c0bc9255c6cb07af25ac73; Type: CONSTRAINT; Schema: public; Owner: -
--

ALTER TABLE ONLY public.product_tags_tag
    ADD CONSTRAINT "PK_8da52c0bc9255c6cb07af25ac73" PRIMARY KEY ("productId", "tagId");


--
-- Name: tag PK_8e4052373c579afc1471f526760; Type: CONSTRAINT; Schema: public; Owner: -
--

ALTER TABLE ONLY public.tag
    ADD CONSTRAINT "PK_8e4052373c579afc1471f526760" PRIMARY KEY (id);


--
-- Name: product PK_bebc9158e480b949565b4dc7a82; Type: CONSTRAINT; Schema: public; Owner: -
--

ALTER TABLE ONLY public.product
    ADD CONSTRAINT "PK_bebc9158e480b949565b4dc7a82" PRIMARY KEY (id);


--
-- Name: product UQ_22cc43e9a74d7498546e9a63e77; Type: CONSTRAINT; Schema: public; Owner: -
--

ALTER TABLE ONLY public.product
    ADD CONSTRAINT "UQ_22cc43e9a74d7498546e9a63e77" UNIQUE (name);


--
-- Name: tag UQ_6a9775008add570dc3e5a0bab7b; Type: CONSTRAINT; Schema: public; Owner: -
--

ALTER TABLE ONLY public.tag
    ADD CONSTRAINT "UQ_6a9775008add570dc3e5a0bab7b" UNIQUE (name);


--
-- Name: IDX_0de90b04710a86601acdff88c2; Type: INDEX; Schema: public; Owner: -
--

CREATE INDEX "IDX_0de90b04710a86601acdff88c2" ON public.product_tags_tag USING btree ("tagId");


--
-- Name: IDX_208235f4a5c925f11171252b76; Type: INDEX; Schema: public; Owner: -
--

CREATE INDEX "IDX_208235f4a5c925f11171252b76" ON public.product_tags_tag USING btree ("productId");


--
-- Name: product_tags_tag FK_0de90b04710a86601acdff88c21; Type: FK CONSTRAINT; Schema: public; Owner: -
--

ALTER TABLE ONLY public.product_tags_tag
    ADD CONSTRAINT "FK_0de90b04710a86601acdff88c21" FOREIGN KEY ("tagId") REFERENCES public.tag(id) ON UPDATE CASCADE ON DELETE CASCADE;


--
-- Name: product_tags_tag FK_208235f4a5c925f11171252b760; Type: FK CONSTRAINT; Schema: public; Owner: -
--

ALTER TABLE ONLY public.product_tags_tag
    ADD CONSTRAINT "FK_208235f4a5c925f11171252b760" FOREIGN KEY ("productId") REFERENCES public.product(id) ON UPDATE CASCADE ON DELETE CASCADE;


--
-- Name: SCHEMA public; Type: ACL; Schema: -; Owner: -
--

REVOKE ALL ON SCHEMA public FROM cloudsqladmin;
REVOKE ALL ON SCHEMA public FROM PUBLIC;
GRANT ALL ON SCHEMA public TO cloudsqlsuperuser;
GRANT ALL ON SCHEMA public TO PUBLIC;


--
-- PostgreSQL database dump complete
--

